URL,title,price_actual,price_list,Operating System,Special Feature,Connectivity Technology,Wireless Communication Standard,Battery Cell Composition,GPS,Shape,Screen Size,Brand,Model Name,Product Dimensions,Item Weight,ASIN,Item model number,Batteries,Customer Reviews,Best Sellers Rank,OS,Connectivity technologies,Special features,Other display features,Human Interface Input,Color,Whats in the box,Manufacturer,Country of Origin,Date First Available,Weight,Standing screen display size,rvw_avg,Memory Storage Capacity,Battery Capacity,Compatible Devices,Battery Life,Sensor Type,Battery Description,UPC,Style,Target Audience,Age Range (Description),Battery Power Rating,Ram Memory Installed Size,Package Dimensions,Wireless communication technologies,Display technology,Department,Units,Is Discontinued By Manufacturer,Language,Form Factor,Material,Thickness,Band Material Type
https://www.amazon.com/Fitbit-Management-Intensity-Tracking-Midnight/dp/B0B5F9SZW7/ref=zg_bs_g_5393958011_d_sccl_1/145-0980347-9463126?psc=1,"Fitbit Inspire 3 Health &-Fitness-Tracker with Stress Management, Workout Intensity, Sleep Tracking, 24/7 Heart Rate and more, Midnight Zen/Black One Size (S & L Bands Included)",99.95,79.99,android,Heart Rate Monitor,Bluetooth,Bluetooth,Lithium Ion,GPS Via Smartphone,Rectangular,1968.51 Inches,Fitbit,Inspire 3,0.71 x 0.43 x 1.54 inches,0.96 ounces,B0B5F9SZW7,B0B5F9SZW7,1 Lithium Ion batteries required. (included),"4.3
13,996 ratings
4.3 out of 5 stars","#25 in Sports & Outdoors (See Top 100 in Sports & Outdoors)
#1 in Activity & Fitness Trackers
#1 in Electronics & Gadgets",android,Bluetooth,Heart Rate Monitor,Wireless,Touchscreen,Black/Midnight Zen,"Tracker, Band",Fitbit Inc,China,"September 23, 2022",27.22 g,1968.51 Inches,4.3,,,,,,,,,,,,,,,,,,,,,,,
https://www.amazon.com/Fitbit-Exercise-Equipment-6-Months-Membership/dp/B0CC62ZG1M/ref=zg_bs_g_5393958011_d_sccl_2/145-0980347-9463126?psc=1,"Fitbit Charge 6 Fitness Tracker with Google apps, Heart Rate on Exercise Equipment, 6-Months Premium Membership Included, GPS, Health Tools and More, Obsidian/Black, One Size (S & L Bands Included)",153.0,Check Page,Android,"Sleep Monitor, Multisport Tracker, ECG, Activity Tracker, GPS, Contactless Payments",Wi-Fi,Bluetooth,,Gps enabled,Rectangular,1.04,Fitbit,,6 x 4 x 4 inches,4.6 ounces,B0CC62ZG1M,GA05195-WW,1 Lithium Ion batteries required.,"4.1
8,792 ratings
4.1 out of 5 stars","#125 in Sports & Outdoors (See Top 100 in Sports & Outdoors)
#2 in Activity & Fitness Trackers",Android,Wi-Fi,"Sleep Monitor, Multisport Tracker, ECG, Activity Tracker, GPS, Contactless Payments",Wireless,Buttons,Black Case w/ Black Band,"Device, Band, Charging Cable",Fitbit,,"September 28, 2023",,1.04,4.1,4 GB,65 Milliamp Hours,,,,,,,,,,,,,,,,,,,,,
https://www.amazon.com/WHOOP-4-0-Month-Subscription-Optimization/dp/B0BWSF6H4Q/ref=zg_bs_g_5393958011_d_sccl_3/145-0980347-9463126?psc=1,"WHOOP 4.0 with 12 Month Subscription ‚Äì Wearable Health, Fitness & Activity Tracker ‚Äì Continuous Monitoring, Performance Optimization, Heart Rate Tracking ‚Äì Improve Sleep, Strain, Recovery, Wellness",239.0,Check Page,,,,,,,,4 Inches,WHOOP,,"1.1""L x 0.4""W x 7.1""H",,B0BWSF6H4Q,,,"4.0
1,460 ratings
4.0 out of 5 stars","#770 in Sports & Outdoors (See Top 100 in Sports & Outdoors)
#4 in Activity & Fitness Trackers",,,,,,Onyx,,WHOOP,,"March 14, 2023",,,4.0,,,"Smartphones, Tablets, Laptops",5 days,Wearable,Lithium-Ion,810114360002,,,,,,,,,,,,,,,,
https://www.amazon.com/Amzhero-Pressure-Waterproof-Activity-Pedometer/dp/B0CDR56776/ref=zg_bs_g_5393958011_d_sccl_4/145-0980347-9463126?psc=1,"Health Fitness Tracker with 24/7 Heart Rate, Blood Oxygen, Blood Pressure, Sleep Tracker, 5ATM Waterproof Activity Trackers with Step Tracker, Pedometer (S & L Bands Included)‚Ä¶",49.99,69.99,,Heart Rate Monitor,,Bluetooth,Lithium Polymer,,,1.47 Inches,Amzhero,,10 x 3.1 x 0.6 inches,1.76 ounces,B0CDR56776,,1 Lithium Polymer batteries required. (included),"3.7
2,568 ratings
3.7 out of 5 stars","#1,096 in Sports & Outdoors (See Top 100 in Sports & Outdoors)
#6 in Activity & Fitness Trackers",,,Heart Rate Monitor,Wireless,Buttons,Spaceblack,S & L Bands,Amzhero,,"August 8, 2023",,1.47 Inches,3.7,,,Smartphone,,,,,Runfit D26,Unisex adult,Adult,300 Milliamp Hours,,,,,,,,,,,,
https://www.amazon.com/Fitness-Activity-Pedometer-Calories-Waterproof/dp/B0CC9DXVPF/ref=zg_bs_g_5393958011_d_sccl_5/145-0980347-9463126?psc=1,"Fitness Tracker Watch with Heart Rate Monitor, Large Screen Activity Tracker with Pedometer, Sleep Monitor, Calories & Step Counter, 5ATM Waterproof Smart Watch for Women Men Fitness Watch for Sports",19.99,Check Page,"Android 4.0 / iOS 8.0 or above, Bluetooth 4.0 or above","Activity Tracker, Sleep Monitor, Heart Rate Monitor, Pedometer, Calories Tracker, Time Display",Bluetooth,Bluetooth,Lithium Polymer,,Rectangular,1.3 Inches,LIVIKEY,,6.8 x 3.3 x 0.6 inches,0.08 Kilograms,B0CC9DXVPF,,1 Lithium Ion batteries required. (included),"4.0
540 ratings
4.0 out of 5 stars","#677 in Sports & Outdoors (See Top 100 in Sports & Outdoors)
#3 in Activity & Fitness Trackers",,,,,,Black,,LIVIKEY,China,"July 19, 2023",,1.3 Inches,4.0,,,,,,,,Modern,,,,,,,,,,,,,,,
https://www.amazon.com/VPSTAY-Waterproof-Pedometer-Activity-SmartWatches/dp/B0CSW7S8VH/ref=zg_bs_g_5393958011_d_sccl_6/145-0980347-9463126?psc=1,"Fitness Tracker Watch with 24/7 Heart Rate Sleep Blood Oxygen Monitor, IP68 Waterproof Smart Watch, Step Calorie Counter Pedometer Health Activity Trackers and SmartWatches for Men Women",45.98,63.97,anyloop APP,"Lightweight, Heart Rate Sleep Blood Oxygen Monitor, Activity Tracker, Alarm Clock, Notifications",Bluetooth,,Lithium Polymer,GPS Via Smartphone,Rectangular,1.47 Inches,VPSTAY,,,,B0CSW7S8VH,,,"4.1
1,030 ratings
4.1 out of 5 stars","#5,221 in Sports & Outdoors (See Top 100 in Sports & Outdoors)
#41 in Activity & Fitness Trackers",,,,,,,,,,"January 20, 2024",,,4.1,64 MB,185 Milliamp Hours,,,,,,,,,,,,,,,,,,,,,
https://www.amazon.com/SAMSUNG-Display-Watchfaces-Exercise-International/dp/B0CW3VWC3X/ref=zg_bs_g_5393958011_d_sccl_7/145-0980347-9463126?psc=1,"SAMSUNG Galaxy FIT 3 [2024] 1.6"" AMOLED Display | 14 Days Battery Life | 100+ Watchfaces | 100+ Exercise Modes | International Model -",49.99,54.99,Android,Activity Tracker,Bluetooth,,,,Rectangular,1.6 Inches,SAMSUNG,Samsung Galaxy Fit 3,,,B0CW3VWC3X,,,"4.1
493 ratings
4.1 out of 5 stars","#1,250 in Sports & Outdoors (See Top 100 in Sports & Outdoors)
#7 in Activity & Fitness Trackers
#9 in Electronics & Gadgets",,,,,,,,,,"February 21, 2024",,,4.1,2 GB,208 Milliamp Hours,,,,,,Casual,,,,,,,,,,,,,,,
https://www.amazon.com/Fitness-Tracker-Pressure-Pedometer-Waterproof/dp/B0CSD1JXSJ/ref=zg_bs_g_5393958011_d_sccl_8/145-0980347-9463126?psc=1,"Smart Watch Health Fitness Tracker with 24/7 Heart Rate, Blood Oxygen Blood Pressure Sleep Monitor, 115 Sports Modes, Step Calorie Counter Pedometer IP68 Waterproof for Android and iPhone Women Men",39.99,69.99,android,"Pedometer, 24/7 Heart Rate Monitor, Blood Oxygen Monitor, Blood Pressure Monitor, Calls and Messages Notification, Tracking More than 115 Sports Activi‚Ä¶ See more",USB,,Lithium Polymer,GPS Via Smartphone,Rectangular,1.47 Inches,Mindrose,Fitness Tracker Watch,,,B0CSD1JXSJ,,,"4.2
828 ratings
4.2 out of 5 stars","#3,169 in Sports & Outdoors (See Top 100 in Sports & Outdoors)
#23 in Activity & Fitness Trackers",,,,,,,,,,"March 31, 2024",,,4.2,,,,,,,,Modern,,,,,,,,,,,,,,,
https://www.amazon.com/ENGERWALL-Smartwatch-Temperature-Pedometer-Notifications/dp/B08PF9V27X/ref=zg_bs_g_5393958011_d_sccl_9/145-0980347-9463126?psc=1,"ENGERWALL Fitness Tracker with Step Counter/Calories/Stopwatch, Activity Tracker with Heart Rate Monitor, IP68, Health Tracker with Sleep Tracker, Smartwatch, Pedometer Watch for Women Men Kids",20.99,29.99,,"Activity Tracker, Blood Pressure Monitor, Sleep Monitor, Notifications, GPS, Pedometer, Body Temperature Monitor, Waterproof, Sedentary Re‚Ä¶ See more",Bluetooth,Bluetooth,Lithium Polymer,GPS Via Smartphone,Rectangular,0.96 Inches,ENGERWALL,New upgrade (S5-3),,,B08PF9V27X,,,"3.7
6,694 ratings
3.7 out of 5 stars","#2,153 in Sports & Outdoors (See Top 100 in Sports & Outdoors)
#14 in Activity & Fitness Trackers",,,,,,,,,,"December 5, 2020",,,3.7,,100 Milliamp Hours,,,,,,,,,,,,,,,,,,,,,
https://www.amazon.com/FITVII-Pressure-Tracking-Waterproof-Activity/dp/B0CWRJK78S/ref=zg_bs_g_5393958011_d_sccl_10/145-0980347-9463126?psc=1,"FITVII Health & Fitness Tracker 2024 (Answer/Make Calls), Smart Watch with 24/7 Heart Rate and Blood Pressure, Sleep Tracking, Blood Oxygen Monitor, 120+ Sport Mode Waterproof Activity Tracker",49.99,79.99,"Android,ios","Sedentary Reminder, Pedometer",Bluetooth,Bluetooth,Lithium Ion,GPS Via Smartphone,Rectangular,1.85 Inches,FITVII,HM57,,,,,,,,,,,,,,,,,,,,4.0,,,,,,,,,,,,,,,,,,,,,,,
https://www.amazon.com/Pressure-Calories-Waterproof-Activity-Trackers/dp/B0D5QHDP6Y/ref=zg_bs_g_5393958011_d_sccl_11/145-0980347-9463126?psc=1,"Health Fitness Tracker, Smart Watch with 24/7 Heart Rate Blood Pressure Blood Oxygen Monitor, Sleep Tracker, Calories & Step Tracker, IP68 Waterproof Activity Trackers for Android&iPhone Women Men",49.99,79.99,Android&iOS,"Activity Tracker, Sleep tracker, Blood Pressure Monitor, Heart Rate Monitor, Calorie Consumption, Sedentary Reminder, Weather Forecast, Music/Camera Control, Calls&Messages Notification, Ped‚Ä¶ See more",Wireless,Bluetooth,Lithium Polymer,GPS Via Smartphone,Rectangular,1.47 Inches,,,10.63 x 2.76 x 0.67 inches,85 Grams,B0D5QHDP6Y,Band 2,1 Lithium Ion batteries required. (included),"4.3
461 ratings
4.3 out of 5 stars","#1,080 in Sports & Outdoors (See Top 100 in Sports & Outdoors)
#5 in Activity & Fitness Trackers
#6 in Electronics & Gadgets",,,,,,,,RLQA,China,"June 30, 2024",,1.47 Inches,4.3,64 MB,200 Milliamp Hours,,,,,,,,,,64 MB,,,,,,,,,,,
https://www.amazon.com/KEEPONFIT-Smartwatch-Waterproof-Pedometer-Fitness/dp/B0CY6NXX7Y/ref=zg_bs_g_5393958011_d_sccl_12/145-0980347-9463126?psc=1,"Smart Watch, 1.83"" Touch Screen Smartwatch with Alexa Built-in IP68 Waterproof, Pedometer,Fitness Tracker with 100 Sports Modes Heart Rate/SpO2/Stress/Sleep Monitor for Men and Women",29.99,32.99,General,"Activity Tracker, Alarm Clock, Daily Workout Memory, Phone Call, Notifications",Bluetooth,,Lithium Ion,GPS Via Smartphone,Rectangular,1.83 Inches,KEEPONFIT,IDW26,,3.2 ounces,B0CY6NXX7Y,,1 Lithium Ion batteries required. (included),"4.7
354 ratings
4.7 out of 5 stars","#2,712 in Sports & Outdoors (See Top 100 in Sports & Outdoors)
#18 in Activity & Fitness Trackers",,,,,,,,KEEPONFIT,,"May 6, 2024",,1.83 Inches,4.7,,,,,,,,Casual,,,,,10.67 x 3.54 x 0.75 inches,,,,,,,,,,
https://www.amazon.com/FITVII-Pressure-Tracking-Waterproof-Pedometer/dp/B09P9LWSZY/ref=zg_bs_g_5393958011_d_sccl_13/145-0980347-9463126?psc=1,"FITVII Slim Fitness Tracker with Blood Oxygen, Blood Pressure, 24/7 Heart Rate and Sleep Tracking, IP68 Waterproof Activity Trackers and Smart Watches with Step Tracker, Pedometer for Women",49.99,59.99,Android,"Multisport Tracker, Sedentary Reminder, Activity Tracker, Daily Workout Memory, Notifications",Bluetooth,Bluetooth,Lithium Ion,GPS Via Smartphone,Oval,1.47 Inches,FITVII,,,,B09P9LWSZY,,,"3.9
4,428 ratings
3.9 out of 5 stars","#2,485 in Sports & Outdoors (See Top 100 in Sports & Outdoors)
#17 in Activity & Fitness Trackers",,,,,,,,,,"December 28, 2021",,,3.9,130 MB,,,,,,,,,,,,,,,,,,,,,,
https://www.amazon.com/KEEPONFIT-Fitness-Tracker-Resistance-Activity/dp/B0CY7F3HSN/ref=zg_bs_g_5393958011_d_sccl_14/145-0980347-9463126?psc=1,"Fitness Tracker, 1.57"" Touch Screen 3ATM Water Resistance, Activity Tracker with 100 Workout Modes Heart Rate/SpO2/Stress/Sleep Monitor for Men and Women",25.49,29.99,,,Bluetooth,,Lithium Ion,,,1.57 Inches,KEEPONFIT,FUIDBO3,,,B0CY7F3HSN,,,"4.5
637 ratings
4.5 out of 5 stars","#4,648 in Sports & Outdoors (See Top 100 in Sports & Outdoors)
#36 in Activity & Fitness Trackers",,,,,,BLACK,,,,"March 25, 2024",,,4.5,,,Smartphone,,,,,Modern,Unisex Adults,Adult,,,,,,,,,,,,,
https://www.amazon.com/Amazfit-Fitness-Tracker-Monitoring-Resistant/dp/B09Z6CRHJ6/ref=zg_bs_g_5393958011_d_sccl_15/145-0980347-9463126?psc=1,"Amazfit Band 7 Fitness & Activity Tracker, Step Monitoring, Heart Rate & SpO2 Monitoring, Virtual Pacer, 18-Day Battery, Sleep Quality Analysis, Alexa Built-In, Water Resistant, (Black)",44.99,49.99,Zepp OS,"ALEXA Built-in, Activity Tracker, Always On Display",Bluetooth,Bluetooth,Lithium Ion,GPS Via Smartphone,Heart,1.47 Inches,Amazfit,,1.84 x 0.95 x 0.48 inches,0.96 ounces,B09Z6CRHJ6,A2177-Black,1 Lithium Polymer batteries required. (included),"4.0
7,808 ratings
4.0 out of 5 stars","#1,888 in Sports & Outdoors (See Top 100 in Sports & Outdoors)
#10 in Activity & Fitness Trackers",Zepp OS,Bluetooth,"ALEXA Built-in, Activity Tracker, Always On Display",Wireless,Touchscreen,Black,"User Manual, Band 7 Fitness Tracker, Magnetic Charging Cable",Amazfit,China,"July 14, 2022",27.22 g,1.47 Inches,4.0,2300 MB,,,,,,,,,,,,,Bluetooth 5.2,AMOLED,,,,,,,,
https://www.amazon.com/Fitbit-Fitness-Activity-Tracking-Included/dp/B084CQ41M2/ref=zg_bs_g_5393958011_d_sccl_16/145-0980347-9463126?psc=1,"Fitbit Charge 4 Fitness and Activity Tracker with Built-in GPS, Heart Rate, Sleep & Swim Tracking, Black/Black, One Size (S &L Bands Included)",125.99,149.95,Android,"Time Display, Sleep Monitor, Activity Tracker, GPS, Heart Rate Monitor","Bluetooth, GPS",Bluetooth,Lithium Ion,True,Rectangular,1.5 Inches,Fitbit,,,,,,,,,,,,,,,,,,,,,4.2,,,,,,,,Modern,,,,,,,,,,,,,,,
https://www.amazon.com/FITVII-Fitness-Tracker-Pressure-Activity/dp/B0D4L5LBWQ/ref=zg_bs_g_5393958011_d_sccl_17/145-0980347-9463126?psc=1,"FITVII Nexa Fitness Tracker Answer/Make Calls, Smart Watch with Blood Pressure, Blood Oxygen, 24/7 Heart Rate Monitor, 120+ Sport Mode Activity Tracker with Step Counter, Sleep Tracker for Women Men",49.99,Check Page,/,"Voice Call, Weather Forecast, Activity Tracker, Daily Workout Memory, Notifications",Bluetooth,Bluetooth,Lithium Ion,GPS Via Smartphone,Rectangular,1.57 Inches,FITVII,Nexa,,,B0D4L5LBWQ,,,"4.1
277 ratings
4.1 out of 5 stars","#2,014 in Sports & Outdoors (See Top 100 in Sports & Outdoors)
#13 in Activity & Fitness Trackers
#13 in Electronics & Gadgets",,,,,,,,,,"May 20, 2024",,,4.1,,,,,,,,,,,,,,,,,,,,,,,
https://www.amazon.com/Fitness-Pedometer-Waterproof-Activity-Trackers/dp/B0CYLB55LB/ref=zg_bs_g_5393958011_d_sccl_18/145-0980347-9463126?psc=1,"Fitness Tracker 2024 (Answer/Make Call),Smart Watch with 24/7 Heart Rate Blood Oxygen Monitor,Sleep Tracker,100+ Sports Modes,Pedometer,IP68 Waterproof Activity Trackers for Android&iPhone Women Men",39.99,79.98,"iOS, Android","Aluminum alloy case, 2Pack Watch Bands(Silicone+Nylon), Answer/Make calls/Quick Text Reply/AI Control, Notifications, IP68 Waterproof/100 Sports Modes/Heart Rate/SpO2/Stress/Sleep Mo‚Ä¶ See more",Bluetooth,Bluetooth,Lithium,GPS Via Smartphone,Square,1.85 Inches,,,,3.52 ounces,B0CYLB55LB,R50,2 AAAA batteries required. (included),"4.4
416 ratings
4.4 out of 5 stars","#3,276 in Sports & Outdoors (See Top 100 in Sports & Outdoors)
#24 in Activity & Fitness Trackers",,,,,,,,Blackview,China,"March 20, 2024",,1.85 Inches,4.4,128 MB,350 Milliamp Hours,,,,,,,,,,,7.2 x 3.39 x 0.75 inches,,,mens,,,,,,,
https://www.amazon.com/TYKOIT-Pedometer-Friendly-Required-Waterproof/dp/B0CX4ZYV85/ref=zg_bs_g_5393958011_d_sccl_19/145-0980347-9463126?psc=1,"Pedometer Watch Senior Friendly No App/Phone Required, Waterproof Fitness Tracker Watch with Step Counter Calories/Sleep Tracker for Walking Running for Men Women",29.99,Check Page,,"Sleep Monitor, Pedometer, Calorie Tracker, Heart Rate Monitor, SpO2 Measurement",Bluetooth,,Lithium Polymer,,Square,,TYKOIT,,5.9 x 3.2 x 0.75 inches,2.39 ounces,B0CX4ZYV85,,1 Lithium Polymer batteries required. (included),"3.9
638 ratings
3.9 out of 5 stars","#1,934 in Sports & Outdoors (See Top 100 in Sports & Outdoors)
#12 in Activity & Fitness Trackers
#12 in Electronics & Gadgets",,Bluetooth,"Sleep Monitor, Pedometer, Calorie Tracker, Heart Rate Monitor, SpO2 Measurement",Wireless,Touchscreen,Black,,TYKOIT,,"March 5, 2024",,,3.9,,,Work independently without smartphone,,,,,Classic,Senior,Senior,,,,,LCD,,,,,,,,
https://www.amazon.com/WHOOP-Ultra-Soft-Performance-Durability-Compatible/dp/B0BWZ32CMD/ref=zg_bs_g_5393958011_d_sccl_20/145-0980347-9463126?psc=1,"WHOOP Ultra-Soft SuperKnit Accessory Wristband 4.0 for Enhanced Performance, Comfort and Durability, Compatible 4.0 Wearable Health, Fitness & Activity Tracker, Ace Green",49.0,Check Page,,,,,,,,,,,,2.08 ounces,B0CWVLTWHV,,,"4.5
401 ratings
4.5 out of 5 stars","#3,961 in Sports & Outdoors (See Top 100 in Sports & Outdoors)
#28 in Activity & Fitness Trackers",,,Durable,Jewelry,,Ace Green,,WHOOP,,"March 1, 2024",,,4.5,,,,,,,,,,,,,8.39 x 2.72 x 0.94 inches,,,unisex-adult,,,,,,,
https://www.amazon.com/Fitness-Pressure-Activity-Trackers-Waterproof/dp/B0DBG37QBS/ref=zg_bs_g_5393958011_d_sccl_21/145-0980347-9463126?psc=1,"Smart Watch Fitness Tracker with 24/7 Heart Rate, Blood Oxygen Blood Pressure Monitor Sleep Tracker 120 Sports Modes Activity Trackers Step Calorie Counter IP68 Waterproof for Andriod iPhone Women Men",47.99,Check Page,,"Drinking Water Reminder, Sedentary Reminder, Menstrual Cycle Reminder, 24/7 Heart Rate, Blood oxygen, Blood pressure monitor; Sleep Tracker, Ca‚Ä¶ See more",,,Lithium Polymer,GPS Via Smartphone,Rectangular,1.47 Inches,Bestinn,Fitness Tracker,,,B0DBG37QBS,,,"4.4
114 ratings
4.4 out of 5 stars","#4,570 in Sports & Outdoors (See Top 100 in Sports & Outdoors)
#35 in Activity & Fitness Trackers",,,,,,Black,,,,"July 28, 2024",,,4.4,,,,,,,,Modern,"Women, Men, Boys, Unisex Adults, Girls",,,,,,,,,,,,,,
https://www.amazon.com/Fitbit-Inspire-Fitness-Tracker-Included/dp/B08DFGPTSK/ref=zg_bs_g_5393958011_d_sccl_22/145-0980347-9463126?psc=1,"Fitbit Inspire 2 Health & Fitness Tracker with a Free 1-Year Fitbit Premium Trial, 24/7 Heart Rate, Black/Black, One Size (S & L Bands Included)",89.0,Check Page,android,"Activity Tracker, Heart Rate Monitor, Calorie Tracker, Sleep Monitor, Water Resistant, Phone Call, Text Messaging, Calendaring, Notifications,",USB,Bluetooth,Lithium Ion,,Oval,0.72 Inches,Fitbit,Inspire 2,,,,,,,,,,,,,,,,,,,,4.4,6400 MB,,,,,,,,,,,,,,,,,,,,,,
https://www.amazon.com/ZURURU-Pressure-Upgraded-Waterproof-Pedometer/dp/B0D6Z71147/ref=zg_bs_g_5393958011_d_sccl_23/145-0980347-9463126?psc=1,"ZURURU Fitness Tracker with Blood Pressure Heart Rate Sleep Health Monitor for Men and Women, Upgraded Waterproof Activity Tracker Watch, Step Calorie Counter Pedometer",29.99,33.99,,"Step Tracker, Pedometer, Calorie Tracker, Sleep Monitor, Long Standby Time 7-10 Days, Multi Sports Tracker, Big Screen Fonts, 20 Alarms Setting, Blood Pressure Monitor, Heart Rate Monitor, Activit‚Ä¶ See more",,Bluetooth,Lithium Polymer,GPS Via Smartphone,Rectangular,0.96 Inches,ZURURU,Y39,0.43 x 0.75 x 1.61 inches,1.76 ounces,B0D6Z71147,Y39FIT,1 Lithium Polymer batteries required. (included),"3.8
9,770 ratings
3.8 out of 5 stars","#2,475 in Sports & Outdoors (See Top 100 in Sports & Outdoors)
#16 in Activity & Fitness Trackers
#36 in Electronics & Gadgets",,,,,,Space Black,,ZURURU,,"June 13, 2024",,0.96 Inches,3.8,,,,,,,,"Classic, Modern, Fashion, Sports",,,,,,,,,,,,,,,
https://www.amazon.com/GRV-Bluetooth-Required-Waterproof-Pedometer/dp/B09J8S3S5Q/ref=zg_bs_g_5393958011_d_sccl_24/145-0980347-9463126?psc=1,GRV Fitness Tracker Non Bluetooth Fitness Watch No App No Phone Required Waterproof Pedometer Watch with Steps Calories Counter Sleep Tracker for Men Women Parents,23.89,Check Page,,Pedometer,"Bluetooth, USB",,Lithium Polymer,,Rectangular,0.96 Inches,GRV,S1,,,B09J8S3S5Q,,,"3.6
3,078 ratings
3.6 out of 5 stars","#4,417 in Sports & Outdoors (See Top 100 in Sports & Outdoors)
#32 in Activity & Fitness Trackers",,,,,,Black,,,,"October 12, 2021",,,3.6,32 MB,,,,,,,Modern,,,,,,,,,,,,,,,
https://www.amazon.com/AK-Compatible-Replacement-Wristbands-Starlight/dp/B0CH121L3C/ref=zg_bs_g_5393958011_d_sccl_25/145-0980347-9463126?psc=1,"AK Sport Band Compatible with Fitbit Luxe Bands for Women Men, Soft Silicone Replacement Sport Straps Wristbands for Fitbit Luxe Fitness and Wellness Tracker",6.99,Check Page,,,,,,,,,,,,,,,,,,,,,,,,,,,,,,4.1,,,,,,,,,,,,,,,,,,,,,,,
https://www.amazon.com/Fitbit-Charge-Advanced-Fitness-Tracker/dp/B0BX797HJ4/ref=zg_bs_g_5393958011_d_sccl_26/145-0980347-9463126?psc=1,"Fitbit Charge 5 Advanced Fitness Tracker with GPS, Heart Rate, Sleep & Health Tracker - Power Bundle with Adapter (Graphite Stainless Steel)",149.01,79.99,"Android,Ios",GPS,GPS,,,True,Heart,50 Millimeters,Fitbit,"charge 5,pace",1.44 x 0.89 x 0.44 inches,5.3 ounces,B0BX797HJ4,,,"3.8
351 ratings
3.8 out of 5 stars","#10,773 in Sports & Outdoors (See Top 100 in Sports & Outdoors)
#64 in Activity & Fitness Trackers",,,,,,Graphite Stainless Steel,,Fitbit,,"November 30, 2022",,50 Millimeters,3.8,,,,,,,,Modern,,,,,,,,,,,,,,,
https://www.amazon.com/%F0%9D%9F%90%F0%9D%9F%8E%F0%9D%9F%90%F0%9D%9F%92-Upgraded-Pressure-Activity-Trackers/dp/B0D8FVYRLY/ref=zg_bs_g_5393958011_d_sccl_27/145-0980347-9463126?psc=1,"ùüêùüéùüêùüí Upgraded Fitness Tracker (Answer/Make Calls), 1.47"" Smart Watch with 24/7 Heart Rate/Blood Pressure/Sleep Monitor, 100+ Sports Modes Activity Trackers, for Android and iPhone Women Men",39.99,Check Page,,"Bluetooth Calling, Activity Tracker, Alarm Clock, Heart Rate Monitor,Multi-Sports Tracking",Bluetooth,Bluetooth,Lithium Ion,,Rectangular,1.47 Inches,Mingdaln,M4,,,B0D8FVYRLY,,,"4.4
63 ratings
4.4 out of 5 stars","#4,722 in Sports & Outdoors (See Top 100 in Sports & Outdoors)
#37 in Activity & Fitness Trackers",,,,,,,,,,"June 29, 2024",,,4.4,64 MB,,,,,,,Modern,,,,,,,,,,,,,,,
https://www.amazon.com/FITVII-Fitness-Pressure-Waterproof-Activity/dp/B09YQYRHPB/ref=zg_bs_g_5393958011_d_sccl_28/145-0980347-9463126?psc=1,"FITVII Fitness Tracker, Smart Watch with 24/7 Blood Pressure Heart Rate and Blood Oxygen Monitor, Sleep Tracker with Calorie Step Counter, IP68 Waterproof Activity Tracker for Women Men Android iOS",44.92,Check Page,"Android,Ios","Distance Tracker, Calorie Tracker, Notifications",Bluetooth,Bluetooth,Lithium Ion,No GPS,Rectangular,1.69 Inches,FITVII,H56 Fitness,,1.12 ounces,B09YQYRHPB,H56,1 Lithium Ion batteries required. (included),"3.9
5,521 ratings
3.9 out of 5 stars","#5,062 in Sports & Outdoors (See Top 100 in Sports & Outdoors)
#39 in Activity & Fitness Trackers",,,,,,,,FITVII,China,"April 25, 2022",,1.69 Inches,3.9,,,,,,,,,,,,,6.1 x 4.57 x 0.83 inches,,,Mens,,,,,,,
https://www.amazon.com/Garmin-v%C3%ADvosmart%C2%AE-Fitness-Tracker-Long-Lasting/dp/B09VY6SCTC/ref=zg_bs_g_5393958011_d_sccl_29/145-0980347-9463126?psc=1,"Garmin v√≠vosmart¬Æ 5, Fitness Tracker, Long-Lasting Battery, Simple Design, Black Large",149.99,Check Page,Android & iOS,Bluetooth,Bluetooth,Bluetooth,Lithium Polymer,True,Rectangular,0.84 Inches,,,0.8 x 10 x 0.4 inches,26.5 Grams,B09VY6SCTC,010-02645-04,1 Lithium Ion batteries required. (included),"4.0
360 ratings
4.0 out of 5 stars","#5,343 in Sports & Outdoors (See Top 100 in Sports & Outdoors)
#28 in Electronics & Gadgets
#42 in Activity & Fitness Trackers",,,,,,,,Garmin,,"April 20, 2022",,0.84 Inches,4.0,28 MB,4 Milliamp Hours,,,,,,,,,,,,,,,,,,,,,
https://www.amazon.com/Fitness-Activity-Trackers-Pedometer-Waterproof/dp/B0D5HR4J4C/ref=zg_bs_g_5393958011_d_sccl_30/145-0980347-9463126?psc=1,"Health Fitness Tracker, 24/7 Heart Rate/SpO2/Sleep Monitor, Activity Trackers & Smart Watches with Step Calorie Counter Pedometer, 21-Day Battery, IP68 Waterproof Fitness Watches for Women Men",49.98,69.97,anyloop APP,"24/7 Heart Rate, Blood-Oxygen Monitor, Sleep Tracking, Pedometer, Calorie Tracker, Activity & Fitness Trackers, IP68 Waterproof, 20+ Sport mod‚Ä¶ See more",Bluetooth,Bluetooth,Lithium Polymer,GPS Via Smartphone,Rectangular,1.47 Inches,anyloop,,,,B0D5HR4J4C,,,"4.3
308 ratings
4.3 out of 5 stars","#4,491 in Sports & Outdoors (See Top 100 in Sports & Outdoors)
#26 in Electronics & Gadgets
#33 in Activity & Fitness Trackers",,,,,,,,,,"June 8, 2024",,,4.3,,280 Milliamp Hours,,,,,,,,,,,,,,,,,,,,,
https://www.amazon.com/POIUZET-Pressure-Calories-Pedometer-Waterproof/dp/B0CRKS8XDY/ref=zg_bs_g_5393958011_d_sccl_31/145-0980347-9463126?psc=1,"Fitness Tracker, Fitness Watch with Blood Oxygen, Blood Pressure & Heart Rate Monitor, Steps Calories Counter, Sleep Monitor, Pedometer 50 Meters Waterproof, Smart Watch for Android iPhones",15.99,79.99,Android 4.4or iOS 8.0 and above,"Blood Oxygen & Heart Rate Monitor and Sleep Tracker, Smart Notifications, Fitness Tracker, Fitness Watch, Activity Tracker, Pedometer Watch, Step Counter and Calorie Tracking, Waterproof‚Ä¶ See more",Wireless,Bluetooth,Lithium Polymer,Location Capture,Square,1.3 Inches,POIUZET,,5.9 x 3.18 x 0.66 inches,2.39 ounces,B0CRKS8XDY,,1 Lithium Ion batteries required. (included),"4.0
173 ratings
4.0 out of 5 stars","#6,190 in Sports & Outdoors (See Top 100 in Sports & Outdoors)
#45 in Activity & Fitness Trackers",,,,,,,,POIUZET,,"January 5, 2024",,1.3 Inches,4.0,,,,,,,,"Exercise, Workout",,,,,,,,Unisex Adult,,,,,,,
https://www.amazon.com/Vanjua-Compatible-Stainless-Adjustable-Replacement/dp/B09NW29VXJ/ref=zg_bs_g_5393958011_d_sccl_32/145-0980347-9463126?psc=1,"Vanjua Metal Band Compatible with Fitbit Luxe Bands, Stainless Steel Mesh Loop Adjustable Wristband Replacement Strap for Fitbit Luxe/Luxe Special Edition Fitness Tracker Women Men",9.99,Check Page,,,,,,,,,,,,,,,,,,,,,,,,,,,,,,4.3,,,,,,,,,,,,,,,,,,,,,,,
https://www.amazon.com/Replacement-Compatible-Silicone-Fitness-Wristbands/dp/B08GH776QR/ref=zg_bs_g_5393958011_d_sccl_33/145-0980347-9463126?psc=1,"Replacement Bands Compatible with Fitbit Charge 4 / Fitbit Charge 3 Bands for Women Men, Silicone Fitness Sport Wristbands for Women Men Small Large",6.99,Check Page,,,,,,,,,,,,,,,,,,,,,,,,,,,,,,4.0,,,,,,,,,,,,,,,,,,,,,,,
https://www.amazon.com/Fitbit-Wellness-Management-Tracking-Graphite/dp/B08ZF7QDXJ/ref=zg_bs_g_5393958011_d_sccl_34/145-0980347-9463126?psc=1,"Fitbit Luxe-Fitness and Wellness-Tracker with Stress Management, Sleep-Tracking and 24/7 Heart Rate, Black/Graphite, One Size (S & L Bands Included)",145.99,79.99,android,,GPS,Bluetooth,Lithium Ion,True,Rectangular,0.96 Inches,Fitbit,Fitbit Luxe,,,,,,,,,,,,,,,,,,,,4.3,6400 MB,,,,,,,,,,,,,,,,,,,,,,
https://www.amazon.com/Compatible-Fitbit-Classic-Special-Replacement/dp/B088K7DCRZ/ref=zg_bs_g_5393958011_d_sccl_35/145-0980347-9463126?psc=1,"3 Pack Bands Compatible with Fitbit Charge 2, Classic & Special Edition Replacement Bands for Fitbit Charge 2, Women Men",7.98,Check Page,,,,,,,,,,,,2.08 ounces,B088K7DCRZ,,,"4.6
6,496 ratings
4.6 out of 5 stars","#6,149 in Sports & Outdoors (See Top 100 in Sports & Outdoors)
#47 in Activity & Fitness Trackers",,,,,,,,OYODSS,,"May 13, 2020",,,4.6,,,,,,,,,,,,,7.72 x 4.17 x 0.67 inches,,,,3 count,,,,,,
https://www.amazon.com/Calories-Stopwatch-Activity-1-10AMOLED-Pedometer/dp/B0D6DVY3L7/ref=zg_bs_g_5393958011_d_sccl_36/145-0980347-9463126?psc=1,"Fitness Tracker with Step Counter/Calories/Stopwatch, Activity Tracker, Health Tracker with Heart Rate Monitor, Sleep Tracker,1.10''AMOLED Touch Color Screen, Pedometer Watch for Women Men Kids, Pink",28.99,79.99,,,,,,,,,,,,,B0D6DVY3L7,,,"3.3
24 ratings
3.3 out of 5 stars","#278,504 in Sports & Outdoors (See Top 100 in Sports & Outdoors)
#621 in Activity & Fitness Trackers",,,,,,,,,,"June 7, 2024",,,3.3,,,,,,,,,,,,,,,,,,,,,,,
https://www.amazon.com/Fitness-Tracker-Waterproof-Activity-Temperature/dp/B09M3LQ6WB/ref=zg_bs_g_5393958011_d_sccl_37/145-0980347-9463126?psc=1,"Fitness Tracker for Men and Women,Fitness Watch Waterproof with Activity Tracker and Sleep Monitor,Smart Watch for Android and iOS Phones",21.99,Check Page,"Android,Ios","Activity Tracker, Heart Rate Monitor,Blood Pressure Monitor, Sleep Monitor, Notifications, Pedometer, Body Temperature Monitor, Waterproof, Sedentar‚Ä¶ See more",Bluetooth,Bluetooth,Lithium Polymer,GPS Via Smartphone,Rectangular,0.96 Inches,,,,,B09M3LQ6WB,,,"3.7
3,318 ratings
3.7 out of 5 stars","#11,777 in Sports & Outdoors (See Top 100 in Sports & Outdoors)
#71 in Activity & Fitness Trackers",,,,,,,,,,"November 17, 2021",,,3.7,512 MB,105 Milliamp Hours,,,,,,,,,,,,,,,,,,,,,
https://www.amazon.com/Pressure-Pedometer-Waterproof-Activity-Compatible/dp/B0D7VYDNSS/ref=zg_bs_g_5393958011_d_sccl_38/145-0980347-9463126?psc=1,"Smart Watch, 1.47"" Health Fitness Tracker with 24/7 Heart Rate,Blood Pressure,Blood Oxygen Monitor,Sleep Tracker,Pedometer, IP68 Waterproof Activity Trackers Compatible with Android&iPhone Women Men",49.99,79.99,,"Blood Pressure Monitor, Calorie Consumption, Weather Forecast, Music/Camera Control, Activity Tracker, Calls and Messages Notification, step counter, Heart Rate Monitor, Sleep Tracker",Wireless,Bluetooth,Lithium Ion,GPS Via Smartphone,Rectangular,1.47 Inches,FFFITNES,,10.24 x 3.15 x 0.67 inches,90 Grams,B0D7VYDNSS,Band3,1 Lithium Ion batteries required. (included),"4.5
196 ratings
4.5 out of 5 stars","#1,077 in Electronics (See Top 100 in Electronics)
#9 in Activity & Fitness Trackers
#12 in Smartwatches",,,,,,,,FFFITNES,,"July 15, 2024",,1.47 Inches,4.5,64 MB,200 Milliamp Hours,,,,,,,,,,64 MB,,,,,,,,,,,
https://www.amazon.com/Fitbit-Advanced-Management-Tracking-Graphite/dp/B09BXQ4HMB/ref=zg_bs_g_5393958011_d_sccl_39/145-0980347-9463126?psc=1,"Fitbit Charge 5 Advanced Health & Fitness Tracker with Built-in GPS, Stress Management Tools, Sleep Tracking, 24/7 Heart Rate and More, Black/Graphite, One Size (S &L Bands Included)",149.99,79.99,"Android,Ios","GPS, Stress Tracking, Heart Rate Monitor, Sleep Monitor, ECG, Distance Tracker, Touchscreen, Calorie Tracker, Daily Workout Memory",gps,Bluetooth,Lithium Ion,Built-in GPS,Heart,1.04 Inches,Fitbit,,1.45 x 0.9 x 0.44 inches,29 Grams,B09BXQ4HMB,FB421BKBK,1 Lithium Ion batteries required. (included),"4.0
31,464 ratings
4.0 out of 5 stars","#7,450 in Sports & Outdoors (See Top 100 in Sports & Outdoors)
#50 in Activity & Fitness Trackers",,,,,,,,Fitbit Inc,,"August 26, 2021",,1.04 Inches,4.0,6400 MB,,,,,,,,,,,,,,,,,No,,,,,
https://www.amazon.com/Inspiratek-Kids-Fitness-Tracker-Girls/dp/B07YBMBXSK/ref=zg_bs_g_5393958011_d_sccl_40/145-0980347-9463126?psc=1,,,Check Page,,,,,,,,,,,,,,,,,,,,,,,,,,,,,,Unknown,,,,,,,,,,,,,,,,,,,,,,,
https://www.amazon.com/Silicone-Wristband-Replacement-Special-Fitness/dp/B09XQYWXN1/ref=zg_bs_g_5393958011_d_sccl_41/145-0980347-9463126?psc=1,"4 Pack Bands for Fitbit Luxe Bands, Soft Silicone Wristband Replacement Strap for Fitbit Luxe/Luxe Special Edition Fitness Tracker Women Men (Small, Gold/Rose Gold/Wine Red/Navy Blue)",8.99,Check Page,,,,,,,,,,,,1.44 ounces,B09XQYWXN1,,,"4.4
967 ratings
4.4 out of 5 stars","#5,870 in Sports & Outdoors (See Top 100 in Sports & Outdoors)
#44 in Activity & Fitness Trackers",,,"Durable, Water Resistant",Wireless,,Gold/Rose Gold/Wine Red/Navy Blue,,Amzpas,,"April 12, 2022",,,4.4,,,,,,,,,,,,,7.2 x 4.37 x 0.39 inches,,,,4 Count,,,,,,
https://www.amazon.com/Maledan-Compatible-Adjustable-Replacement-Wristbands/dp/B09P89S4L4/ref=zg_bs_g_5393958011_d_sccl_42/145-0980347-9463126?psc=1,"Maledan Slim Band Compatible with Fitbit Charge 5 Bands/Charge 6 Bands Women Men, Soft Silicone Adjustable Sport Band Wristbands for Fitbit Charge 5/Charge 6 Fitness Tracker, 3 Pack Black/Gray/Pink",9.99,3.33,,,,,,,,,,,,1.13 ounces,B09P89S4L4,,,"4.3
1,337 ratings
4.3 out of 5 stars","#11,449 in Sports & Outdoors (See Top 100 in Sports & Outdoors)
#68 in Activity & Fitness Trackers
#149 in Electronics & Gadgets",,,,,,,,Maledan,,"December 27, 2021",,,4.3,,,,,,,,,,,,,7.28 x 4.09 x 0.63 inches,,,,3 count,,,,,,
https://www.amazon.com/Fitness-Tracker-Activity-Tracking-Waterproof/dp/B0DB6W21RT/ref=zg_bs_g_5393958011_d_sccl_43/145-0980347-9463126?psc=1,"Fitness Tracker with Heart Rate, Step Counter, Sleep Monitor, Calorie Tracking, Activity Tracker with 1.1"" AMOLED Touch Color Screen, Waterproof Step Tracker for Android iPhones Women Men Kids",28.99,49.99,,"Time Display, Lightweight, Sedentary Reminder, Text Messaging, Alarm Clock",Bluetooth,Bluetooth,Lithium Ion,,,1.1 Inches,Moremore,fitness tracker,,,B0DB6W21RT,,,"4.5
50 ratings
4.5 out of 5 stars","#4,035 in Sports & Outdoors (See Top 100 in Sports & Outdoors)
#29 in Activity & Fitness Trackers",,,,,,Black,,,,"July 26, 2024",,,4.5,,,,,,,,Modern,"Women, Men, Unisex Adults",,,,,,,,,,,,,,
https://www.amazon.com/Waterproof-Compatible-Classic-Replacement-Wristbands/dp/B0CFFG8Q92/ref=zg_bs_g_5393958011_d_sccl_44/145-0980347-9463126?psc=1,"2 Pack Waterproof Bands Compatible with Fitbit Charge 5 / Fitbit Charge 6 for Women Men, Classic Soft Sports Replacement Wristbands for Women Men (Large 7.1''-9.1'', black/black)",9.99,Check Page,,,,,,,,,,,3.15 x 1.18 x 0.39 inches,0.634 ounces,B0CFFG8Q92,,,"4.3
175 ratings
4.3 out of 5 stars","#8,100 in Sports & Outdoors (See Top 100 in Sports & Outdoors)
#53 in Activity & Fitness Trackers",,,,,,,,,,"August 11, 2023",,,4.3,,,,,,,,,,,,,,,,unisex-adult,2 Count,,,,,,
https://www.amazon.com/RingConn-Subscription-Activity-Waterproof-Compatible/dp/B0D13VX3NP/ref=zg_bs_g_5393958011_d_sccl_45/145-0980347-9463126?psc=1,"RingConn Smart Ring, No App Subscription, Size First with Sizing Kit, 7-Day Battery Life Activity & Sleep Tracker/Stress/Heart Rate Monitor, Waterproof Compatible with iOS & Android(Silver, Size8)",279.0,69.99,,"Fitness Tracker, Sleep Monitor, Stress index, Activity Tracker, heart-rate-monitor",Bluetooth,,Lithium Polymer,,Round,,RingConn,BOR-01,0.72 x 0.72 x 0.3 inches,11.2 ounces,B0D13VX3NP,BOR-01,1 Lithium Polymer batteries required. (included),"4.3
154 ratings
4.3 out of 5 stars",,,Bluetooth,"Fitness Tracker, Sleep Monitor, Stress index, Activity Tracker, heart-rate-monitor",Wireless,,Moonlit Silver,,"Guangdong Jiu Zhi Technology Co., Ltd.",,"April 8, 2024",,,4.3,,,,,,,,health monitoring,Unisex adult,Adult,,,,,,,,,,,,,
https://www.amazon.com/ZURURU-Veryfitpro-ID115Plus-Replacement-Veryfit/dp/B088RFL4P8/ref=zg_bs_g_5393958011_d_sccl_46/145-0980347-9463126?psc=1,ZURURU Veryfitpro ID115Plus HR Replacement Bands for Veryfit Pro ID115Plus HR Fitness Tracker Smart Watch,8.99,9.99,,,,,,,,,,,,,B088RFL4P8,,,"4.6
6,778 ratings
4.6 out of 5 stars","#6,658 in Sports & Outdoors (See Top 100 in Sports & Outdoors)
#48 in Activity & Fitness Trackers",,,,,,,,,,"September 6, 2019",,,4.6,,,,,,,,,,,,,,,,,,,,,,,
https://www.amazon.com/Zeacool-Pressure-Activity-Waterproof-Pedometer/dp/B0DB5K3DK9/ref=zg_bs_g_5393958011_d_sccl_47/145-0980347-9463126?psc=1,"Fitness Tracker with 24/7 Heart Rate, Blood Oxygen Blood Pressure Sleep Monitor, Activity Trackers 5 ATM Waterproof,Step Calorie Counter Pedometer Health Smart Watch for Women Men",28.99,79.99,,,,,,,,,,,,,B0DB5K3DK9,,,"4.5
76 ratings
4.5 out of 5 stars","#2,360 in Sports & Outdoors (See Top 100 in Sports & Outdoors)
#15 in Activity & Fitness Trackers
#15 in Electronics & Gadgets",,,,,,,,,,"July 26, 2024",,,4.5,,,,,,,,,,,,,,,,,,,,,,,
https://www.amazon.com/Xiaomi-Smart-Band-Global-Version/dp/B0CD2MP728/ref=zg_bs_g_5393958011_d_sccl_48/145-0980347-9463126?psc=1,Xiaomi Smart Band 8 (Global Version),39.0,49.99,Wear OS or Tizen,Heart Rate Monitor,Bluetooth,Bluetooth,Lithium Ion,No GPS,Rectangular,1.62 Inches,Xiaomi,,1.89 x 0.89 x 0.43 inches,58 Grams,B0CD2MP728,BHR7165GL,1 Lithium Polymer batteries required. (included),"4.3
8,876 ratings
4.3 out of 5 stars","#6,083 in Sports & Outdoors (See Top 100 in Sports & Outdoors)
#35 in Electronics & Gadgets
#46 in Activity & Fitness Trackers",,,,,,,,Xiaomi,,"September 11, 2023",,1.62 Inches,4.3,16 MB,,,,,,,,,,,,,,,,,No,English,,,,
https://www.amazon.com/Fitbit-Adjustable-Stainless-Wristbands-Replacement/dp/B0B4W67S51/ref=zg_bs_g_5393958011_d_sccl_49/145-0980347-9463126?psc=1,"Metal Mesh Loop Bands for Fitbit Charge 5/Charge 6 Band for Women Men, Adjustable Stainless Steel Wristbands Replacement Straps for Charge 5/6 Activity Tracker",9.98,Check Page,,,,,,,,,,,,,,,,,,,,,,,,,,,,,,3.7,,,,,,,,,,,,,,,,,,,,,,,
https://www.amazon.com/Fresh-Compatible-Resistant-Breathable-Occasion/dp/B0CT114TC3/ref=zg_bs_g_5393958011_d_sccl_50/145-0980347-9463126?psc=1,"The Fresh Strap- Band Compatible with Whoop 4.0- Odor Resistant, Breathable Nylon Bands Compatible with the Whoop Bands- Easy to use and Perfect for Every Occasion",24.99,Check Page,,,,,,,,,,,,,,,,,,,,,,,,,,,,,,3.5,,,,,,,,,,,,,,,,,,,,,,,
https://www.amazon.com/EURANS-Calories-Waterproof-Activity-Compatible/dp/B0BVDJ3W5L/ref=zg_bs_g_5393958011_d_sccl_1/145-0980347-9463126?psc=1,"EURANS Smart Watch 45mm, AMOLED Fitness Watch with Heart Rate/Sleep Monitor Steps Calories Counter, IP68 Waterproof Activity Tracker Compatible with Android iOS",20.99,79.99,"Android 6.0 / iOS 11.0 or above, Bluetooth 4.0 or above","Activity Tracker, IP68 Waterproof, Pedometer, Sleep Monitor, Heart Rate Monitor, Blood Oxygen Monitor, Calories Tracker, Timer, Stopwatch, Time Display, Weather, Sedentary Reminder,‚Ä¶ See more",Bluetooth,Bluetooth,Lithium Polymer,,Square,45 Millimeters,EURANS,,10.16 x 1.39 x 0.39 inches,3.21 ounces,B0BVDJ3W5L,,1 Lithium Polymer batteries required. (included),"4.0
6,209 ratings
4.0 out of 5 stars","#15,892 in Sports & Outdoors (See Top 100 in Sports & Outdoors)
#90 in Activity & Fitness Trackers","Android 6.0 / iOS 11.0 or above, Bluetooth 4.0 or above",Bluetooth,"Activity Tracker, IP68 Waterproof, Pedometer, Sleep Monitor, Heart Rate Monitor, Blood Oxygen Monitor, Calories Tracker, Timer, Stopwatch, Time Display, Weather, Sedentary Reminder, Do Not Disturb Mode, Breath Training, Flashlight, Find Phone, Screen Lock, Raise to Wake, Music Control, Alarm Clock, Sedentary Alert, Drinking Reminder, Smart Notification from Email, Messages, Call, SNS Reminder, Multiple Sport Modes, Built-in Dials, Customized Watch Face, Brightness Settings",,Touchscreen,Black,"Smart Watch, Watch Charger, Quick Start Guide",EURANS,,"February 16, 2023",3.21 ounces,45 Millimeters,4.0,,,,,,,,AMOLED,,,,,,Bluetooth,AMOLED,Unisex Child,,,,Watch,,,
https://www.amazon.com/Ultrahuman-AIR-Smart-Health-Tracker-Fitness/dp/B0CHF5ZD2N/ref=zg_bs_g_5393958011_d_sccl_2/145-0980347-9463126?psc=1,"Ring AIR - Kein App-Abonnement - Smart Ring - Size First mit Gr√∂√üenkit - Verfolgen Sie Schlaf, Workouts, Herzfrequenz, HRV - Bis zu 6 Tage Akkulaufzeit",349.0,Check Page,,,,,,,,,ULTRAHUMAN,,,2.86 Grams,B0CHF5ZD2N,,,"3.0
16 ratings
3.0 out of 5 stars","#145,525 in Sports & Outdoors (See Top 100 in Sports & Outdoors)
#396 in Activity & Fitness Trackers
#1,000 in Electronics & Gadgets",,,,,,Space Silver,,Ultrahuman Healthcare Pvt Ltd,,"September 25, 2023",,,3.0,,,Smartphones,6 days,Temperature,Lithium-Ion,,,,,,,,,,,,,,,Titanium,,
https://www.amazon.com/Baaletc-Compatible-Inspire-Wristband-Bracelets/dp/B0C85HK9WG/ref=zg_bs_g_5393958011_d_sccl_3/145-0980347-9463126?psc=1,"Baaletc Compatible with Fitbit Inspire 3 Bands for Men Women, Soft Silicone Sport Wristband Strap Band Bracelets for Inspire 3, Small Large",6.96,Check Page,,,,,,,,,,,,,,,,,,,,,,,,,,,,,,4.1,,,,,,,,,,,,,,,,,,,,,,,
https://www.amazon.com/Fitness-Tracker-Activity-Reminder-Pedometer/dp/B09JFJ3C67/ref=zg_bs_g_5393958011_d_sccl_4/145-0980347-9463126?psc=1,"EURANS Kids Fitness Tracker for Boys Girls Teens, IP68 Waterproof Activity Tracker with Heart Rate, Blood Oxygen & Sleep Monitor, Alarm Clock, Calorie Counter, Step Counter",18.99,Check Page,iOS 7.1 & higher/Android 4.4 & higher systems,"Sleep Monitor, Pedometer, Calorie Counter, Time display, Camera Control, Sedentary Reminder, IP68 waterproof, Multisport Tracker, Notifications (call‚Ä¶ See more",Wireless,Bluetooth,Lithium Polymer,GPS Via Smartphone,Rectangular,0.96 Inches,EURANS,,5.6 x 3.4 x 0.7 inches,2.39 ounces,B09JFJ3C67,ID115PLUSHR,1 Lithium Ion batteries required. (included),"3.8
1,954 ratings
3.8 out of 5 stars","#12,236 in Sports & Outdoors (See Top 100 in Sports & Outdoors)
#76 in Activity & Fitness Trackers",iOS 7.1 & higher/Android 4.4 & higher systems,Wireless,"Sleep Monitor, Pedometer, Calorie Counter, Time display, Camera Control, Sedentary Reminder, IP68 waterproof, Multisport Tracker, Notifications (calls/Message/email/texts), Heart Rate Monitor, Spo2 Monitor",Wireless,Buttons,Blue,,Eurans,,"January 20, 2022",,0.96 Inches,3.8,,,,,,,,Sport,,,,,,Bluetooth,OLED,unisex-adult,,,,Fitness Tracker,,,
https://www.amazon.com/Fitness-Tracker-Pressure-Activity-Pedometer/dp/B0CB1VJMZN/ref=zg_bs_g_5393958011_d_sccl_5/145-0980347-9463126?psc=1,"Fitness Tracker with Heart Rate Monitor/Step Counter/Calories, Activity Tracker Smart Watch Sleep Monitor IP68 Health Tracker Pedometer for Man Women",19.99,79.99,"Android 4.4 or above, IOS 9.0 or above","Blood Pressure Monitor/Heart Rate Monitor/Blood Oxygen Monitor, Fitness Tracker/Activity Tracker/Distance Tracker/Female Health Assistant",Bluetooth,Bluetooth,Lithium,GPS Via Smartphone,Rectangular,0.96 Inches,BrilliantHouse,,,,B0CB1VJMZN,,,"3.4
1,342 ratings
3.4 out of 5 stars","#5,658 in Sports & Outdoors (See Top 100 in Sports & Outdoors)
#43 in Activity & Fitness Trackers",,,,,,,,,,"July 3, 2023",,,3.4,,105 Milliamp Hours,,,,,,,,,,,,,,,,,,,,,
https://www.amazon.com/Compatible-Inspire-Wristbands-Waterproof-Fitness/dp/B07T4JNW2P/ref=zg_bs_g_5393958011_d_sccl_6/145-0980347-9463126?psc=1,"[3 Pack] Soft TPU Bands Compatible with Fitbit Inspire 2 / Fitbit Inspire HR/Fitbit Inspire/Fitbit Ace 2 Wristbands Sports Waterproof Straps for Fitbit Inspire HR (01 Rose Gold/Gold/Silver, Small)",7.99,Check Page,,,,,,,,,,,,1.13 ounces,B07T4JNW2P,AK116951KA,,"4.3
8,084 ratings
4.3 out of 5 stars","#15,240 in Sports & Outdoors (See Top 100 in Sports & Outdoors)
#88 in Activity & Fitness Trackers",,,,,,,,AK,,"June 14, 2019",,,4.3,,,,,,,,,,,,,5.91 x 3.19 x 0.43 inches,,,,3 Count,,,,,230 Millimeters,
https://www.amazon.com/MgaoLo-Fitness-Waterproof-Activity-Pedometer/dp/B0D9Y3PMN8/ref=zg_bs_g_5393958011_d_sccl_7/145-0980347-9463126?psc=1,,,Check Page,,,,,,,,,,,,,,,,,,,,,,,,,,,,,,Unknown,,,,,,,,,,,,,,,,,,,,,,,
https://www.amazon.com/Fitbit-Activity-Tracker-Minions-Special/dp/B08Y94Z9RM/ref=zg_bs_g_5393958011_d_sccl_8/145-0980347-9463126?psc=1,"Fitbit Ace 3 Activity-Tracker for Kids 6+, Minions Special Edition, Yellow, One Size",73.99,79.0,,"kids smart watch, sleep tracker, kids watch, pedometer",,Bluetooth,Lithium Ion,,Rectangular,0.96 Inches,Fitbit,Ace 3 Activity Tracker for Kids 6+,,,,,,,,,,,,,Yellow,,,,,,,4.1,6400 MB,,,,,,,Youthful,,,,,,,,,,,,,,,
https://www.amazon.com/Stainless-Adjustable-Wristband-Replacement-Compatible/dp/B0C5LHVQZN/ref=zg_bs_g_5393958011_d_sccl_9/145-0980347-9463126?psc=1,"Metal Band for Fitbit Luxe Bands Women Men, Stainless Steel Mesh Loop Adjustable Magnetic Wristband Replacement Strap Compatible with Fitbit Luxe Fitness and Wellness Tracker",9.99,Check Page,,,,,,,,,,,,,,,,,,,,,,,,,,,,,,4.4,,,,,,,,,,,,,,,,,,,,,,,
https://www.amazon.com/KALINCO-Pressure-Activity-Pedometer-Calories/dp/B0BVDTPB9X/ref=zg_bs_g_5393958011_d_sccl_10/145-0980347-9463126?psc=1,"KALINCO Slim Fitness Tracker, Smart Watch with Heart Rate, Blood Oxygen, Blood Pressure and Sleep Monitor, Activity Tracker & Pedometer, Calories Step Counter for Women Men, 2 Bands Included",35.99,Check Page,,"2 Straps: 1 Silicone Strap + 1 Stainless Steel Strap, Fitness Tracker, 20+ Sports Modes Tracking, Step/Calories Counter, Call/Message Notification, Alar‚Ä¶ See more",Wireless,Bluetooth,Lithium Polymer,No GPS,Rectangular,1.47 Inches,KALINCO,P76,,,B0BVDTPB9X,,,"3.8
3,655 ratings
3.8 out of 5 stars","#11,826 in Sports & Outdoors (See Top 100 in Sports & Outdoors)
#73 in Activity & Fitness Trackers",,,,,,,,,,"February 10, 2023",,,3.8,,,,,,,,Modern,,,,,,,,,,,,,,,
https://www.amazon.com/Fitness-Tracker-Waterproof-Monitor-Calorie/dp/B09QHRJH86/ref=zg_bs_g_5393958011_d_sccl_11/145-0980347-9463126?psc=1,"Kids Fitness Tracker Watch for Boys Girls Age 5-16, Waterproof Fitness Watch with Sleep Tracking, Calorie Counter, 11 Sport Modes Tracker and More - Kids Watch with Replaceable Band",29.99,Check Page,,Pedometer,Bluetooth,Bluetooth,Lithium Polymer,No GPS,Rectangular,0.96 Inches,DIGEEHOT,,,,B09QHRJH86,,,"3.8
796 ratings
3.8 out of 5 stars","#43,169 in Sports & Outdoors (See Top 100 in Sports & Outdoors)
#166 in Activity & Fitness Trackers",,,,,,,,,,"January 15, 2022",,,3.8,64 MB,105 Milliamp Hours,,,,,,,,,,,,,,,,,,,,,
https://www.amazon.com/GEAK-Fitbit-Bands-Replacement-3Pack/dp/B074M32SY4/ref=zg_bs_g_5393958011_d_sccl_12/145-0980347-9463126?psc=1,"GEAK Bands Compatible with Fitbit Alta and Fitbit Alta HR, 3 Pack Soft Silicone Wristbands for Fitbit Alta HR Bands with Secure Metal Buckle for Men Women,Small Large",6.99,Check Page,,Durable,,Bluetooth,,,Rectangular,6.7 Inches,GEAK,,,,B074M32SY4,,,"4.5
1,113 ratings
4.5 out of 5 stars","#15,471 in Sports & Outdoors (See Top 100 in Sports & Outdoors)
#86 in Activity & Fitness Trackers",,,,,,Black/Gray/Dark Blue,,,,"August 6, 2017",,,4.5,,,Fitbit Alta HR,,,,,freestyle,Unisex-Adults,Adult,,,,,,,,,,,,,
https://www.amazon.com/AK-Compatible-Replacement-Wristbands-Advanced/dp/B0CPJ74QVR/ref=zg_bs_g_5393958011_d_sccl_13/145-0980347-9463126?psc=1,"AK Sport Band Compatible with Fitbit Charge 6 Bands/Fitbit Charge 5 Bands Women Men, Classic Soft Replacement Straps Wristbands for Fitbit Charge 6/5 Advanced Fitness & Health Tracker",6.99,Check Page,,,,,,,,,,,,,,,,,,,,,,,,,,,,,,4.1,,,,,,,,,,,,,,,,,,,,,,,
https://www.amazon.com/Fitness-Tracker-Pressure-Exercise-Waterproof/dp/B0D46SWVN6/ref=zg_bs_g_5393958011_d_sccl_14/145-0980347-9463126?psc=1,Health Fitness Tracker Smart Watch with Always on Display 24/7 Heart Rate Blood Pressure Blood Oxygen Monitor Sleep Tracker 120+ Exercise Modes Step Calorie Counter IP68 Waterproof for Women Men,47.99,79.99,,"Lightweight Design for Sports, Comfortable Straps, 2024 Latest Display Technology, Always on Display, 24/7 Heart Rate Monitor, 24/7 Blood Pressure Mo‚Ä¶ See more",,,Lithium Polymer,GPS Via Smartphone,Rectangular,1.58 Inches,Bestinn,Fitness Trackers,,,B0D46SWVN6,,,"4.3
79 ratings
4.3 out of 5 stars","#122,170 in Sports & Outdoors (See Top 100 in Sports & Outdoors)
#352 in Activity & Fitness Trackers",,,,,,Graphite Black,,,,"July 16, 2024",,,4.3,,,,,,,,Modern,"Women, Men, Boys, Unisex Adults, Unisex Youth",,,,,,,,,,,,,,
https://www.amazon.com/Garmin-v%C3%ADvofit%C2%AE-Swim-Friendly-Activity-Adventure/dp/B09VY7MWFZ/ref=zg_bs_g_5393958011_d_sccl_15/145-0980347-9463126?psc=1,"Garmin v√≠vofit¬Æ jr. 3 Kids Fitness Tracker, Black Cosmic, Up to 1 Year Battery Life, Swim-Friendly, Activity Unlocks Adventure",89.99,Check Page,,Bluetooth,"Bluetooth, USB",Infrared,Lithium Manganese Dioxide,,Square,0.79 Inches,Garmin,Garmin vivofit jr 3 Kids Fitness Tracker,0.55 x 0.2 x 0.55 inches,0.88 ounces,B09VY7MWFZ,010-02441-23,1 Lithium Metal batteries required. (included),"4.3
255 ratings
4.3 out of 5 stars","#17,428 in Sports & Outdoors (See Top 100 in Sports & Outdoors)
#97 in Activity & Fitness Trackers
#105 in Electronics & Gadgets",,"Bluetooth, USB",Bluetooth,Wireless,Buttons,Black Cosmic,"v√≠vofit jr. 3, adjustable Black Cosmic band (ages 4+), documentation",Garmin,Taiwan,"May 4, 2022",0.88 Ounces,0.79 Inches,4.3,,,,,,,,vivofit jr 3,,,,,,,,,,,,,,,
https://www.amazon.com/Fitbit-Fitness-Smartwatch-Battery-Included/dp/B08DFPV5Y2/ref=zg_bs_g_5393958011_d_sccl_16/145-0980347-9463126?psc=1,"Fitbit Versa 3 Health & Fitness Smartwatch with GPS, 24/7 Heart Rate, Alexa Built-in, 6+ Days Battery, Black/Black, One Size (S & L Bands Included)",188.0,Check Page,android,"Time Display, Alarm Clock, GPS, Notifications, Email, Heart Rate Monitor, Text Messaging, Music Player, Sleep Monitor",GPS,Bluetooth,Lithium Ion,True,Square,1.58 Inches,Fitbit,,,,,,,,,,,,,,,,,,,,,4.2,4 GB,,,,,,,,,,,,,,,,,,,,,,
https://www.amazon.com/SAMSUNG-Display-Watchfaces-Exercise-International/dp/B0CW3VJFPN/ref=zg_bs_g_5393958011_d_sccl_17/145-0980347-9463126?psc=1,"SAMSUNG Galaxy FIT 3 [2024] 1.6"" AMOLED Display | 14 Days Battery Life | 100+ Watchfaces | 100+ Exercise Modes | International Model - (Silver)",48.49,52.24,Android,Activity Tracker,Bluetooth,Bluetooth,Lithium,,Rectangular,1.6 Inches,SAMSUNG,Galaxy Fit 3,,4.2 ounces,B0CW3VJFPN,SB0009,1 Lithium Ion batteries required.,"4.1
247 ratings
4.1 out of 5 stars","#12,300 in Sports & Outdoors (See Top 100 in Sports & Outdoors)
#71 in Electronics & Gadgets
#77 in Activity & Fitness Trackers",,,,,,,,SAMSUNG,,"February 21, 2024",,1.6 Inches,4.1,,208 Milliamp Hours,,,,,,,,,,1.56 GB,4.76 x 3.5 x 1.81 inches,,,,,,,,,,
https://www.amazon.com/Amazfit-Fitness-Monitoring-Tracking-Resistant/dp/B08PF6M6TB/ref=zg_bs_g_5393958011_d_sccl_18/145-0980347-9463126?psc=1,"Amazfit Certified Refurbished Band, Fitness & Health Tracker for Women Men, Long Battery Life, Alexa Built-in, AMOLED Display, Heart Rate & SPO‚ÇÇ & Stress Monitoring, 5 ATM Water Resistant (Renewed)",,39.99,,,,,,,,,,,,,B0C2717Y6G,,,"3.9
276 ratings
3.9 out of 5 stars","#27,569 in Sports & Outdoors (See Top 100 in Sports & Outdoors)
#125 in Activity & Fitness Trackers",,,,,,,,,,"April 11, 2023",,,3.9,,,,,,,,,,,,,,,,,,,,,,,
https://www.amazon.com/Kummel-Waterproof-Activity-Pedometer-Calories/dp/B09LMD1WL4/ref=zg_bs_g_5393958011_d_sccl_19/145-0980347-9463126?psc=1,"Kummel Fitness Tracker with Heart Rate Blood Oxygen Monitor, Activity Tracker Sleep Monitor Health Tracker, Smart Watch Pedometer Step Calories Counter, Fitness Watches for Men Women",19.99,79.99,smartphones with Android 4.4 and iOS 7.1 above and Bluetooth 4.0 above.,"Heart Rate Monitor, Slepp Monitor, Activity Tracker, Notifications",Wireless,Bluetooth,Lithium Polymer,Location Capture,Rectangular,0.96 Inches,Kummel,ID115PlusHR,5.6 x 3.4 x 0.7 inches,1.76 ounces,B09LMD1WL4,ID115PLUSHR,1 Lithium Polymer batteries required. (included),"3.7
6,062 ratings
3.7 out of 5 stars","#11,758 in Sports & Outdoors (See Top 100 in Sports & Outdoors)
#70 in Activity & Fitness Trackers",smartphones with Android 4.4 and iOS 7.1 above and Bluetooth 4.0 above.,Wireless,"Heart Rate Monitor, Slepp Monitor, Activity Tracker, Notifications",Wireless,Touchscreen,Black,"Fitness Tracker (Built-in charger), User Manaul",Kummel,China,"November 11, 2021",,0.96 Inches,3.7,,,,,,,,,,,,,,Bluetooth,OLED,,,,,,,,
https://www.amazon.com/IMFRCHCS-Fitness-Tracker-Activity-Waterproof/dp/B0D87G5RYW/ref=zg_bs_g_5393958011_d_sccl_20/145-0980347-9463126?psc=1,"IMFRCHCS Fitness Tracker, Smart Watch with 1.47"" TFT Touch Display, 137+ Sport Modes Activity Tracker with 24/7 Heart Rate Blood Oxygen and Sleep Monitor, IP68 Waterproof Tracker for Women Men",49.99,99.99,Android iOS,"Activity Tracker, Alarm Clock, Always On Display, Custom Activity Tracking, Daily Workout Memory, Lightweight, Multisport Tracker, Music Player, Not‚Ä¶ See more",Bluetooth,Bluetooth,Lithium Ion,,Rectangular,1.47 Inches,IMFRCHCS,,,2.89 ounces,B0D87G5RYW,B6,1 Lithium Ion batteries required.,"4.1
598 ratings
4.1 out of 5 stars","#38,192 in Sports & Outdoors (See Top 100 in Sports & Outdoors)
#160 in Activity & Fitness Trackers
#227 in Electronics & Gadgets",Android iOS,Bluetooth,"Activity Tracker, Alarm Clock, Always On Display, Custom Activity Tracking, Daily Workout Memory, Lightweight, Multisport Tracker, Music Player, Notifications, Time Display, Touchscreen",Wireless,Touchscreen,Starlight,,IMFRCHCS,,"June 27, 2024",,1.47 Inches,4.1,128 MB,480 Milliamp Hours,,,,,,,,,,,10.87 x 2.87 x 0.67 inches,,,,,,,,,,
https://www.amazon.com/Hamile-Compatible-Waterproof-Replacement-Wristband/dp/B07H2XNZ3T/ref=zg_bs_g_5393958011_d_sccl_21/145-0980347-9463126?psc=1,"Hamile Bands Compatible with Fitbit Charge 4 / Fitbit Charge 3 / Fitbit Charge 3 SE, Waterproof Replacement Watch Strap Fitness Sport Band Wristband for Women Men, Large, Black",6.99,Check Page,,"Waterproof, Durable",,,,,Rectangular,1.3 Inches,Hamile,,5 x 5 x 0.7 inches,0.528 ounces,B07H2XNZ3T,Charge3-Lingxing-L-Heise,,"4.5
8,625 ratings
4.5 out of 5 stars","#18,388 in Sports & Outdoors (See Top 100 in Sports & Outdoors)
#98 in Activity & Fitness Trackers",,,"Waterproof, Durable",Wireless,Buttons,1-Black,Sport Band for Fitbit Charge 3/Charge 3 SE,Hamile,,"September 4, 2018",,1.3 Inches,4.5,,,Watch,,,,,Classic,female,Adult,,,,,,Unisex,,No,,,,,Silicone and Rubber
https://www.amazon.com/Stiive-Activity-Pedometer-Waterproof-Compatible/dp/B0CS34G3HZ/ref=zg_bs_g_5393958011_d_sccl_22/145-0980347-9463126?psc=1,"Stiive Fitness Tracker, Smart Watch for Men Women, Activity Fitness Watch with Heart Rate Monitor, Pedometer, Sleep Monitor, 50 Meters Waterproof Step Tracker Compatible with iOS & Android Phones",19.99,29.99,,"Heart rate monitoring, Message Reminder & Call Reminder, Multiple sports modes and activity tracking, Sedentary Reminder, Goal Completion R‚Ä¶ See more",,,Lithium Polymer,GPS Via Smartphone,Square,1.3 Inches,Stiive,,,,B0CS34G3HZ,,,"3.8
231 ratings
3.8 out of 5 stars","#10,449 in Sports & Outdoors (See Top 100 in Sports & Outdoors)
#62 in Activity & Fitness Trackers",,,,,,Purple Gold,,,,"January 11, 2024",,,3.8,,,,,,,,Modern,"Women, Men, Boys, Unisex Adult, Girls",Adult,,,,,,,,,,,,,
https://www.amazon.com/OnePlus-100-Hour-Tracking-Sapphire-Dual-Engine/dp/B0CV5ZG5TC/ref=zg_bs_g_5393958011_d_sccl_23/145-0980347-9463126?psc=1,"ONEPLUS Watch 2, 32GB, 100-Hour Battery, Health & Fitness Tracking, Sapphire Crystal Design, Dual-Engine, Wear OS by Google",288.98,Check Page,Android,GPS,"Bluetooth, Wi-Fi",Bluetooth,Lithium Ion,Built-in GPS,Round,1.43 Inches,,,,,B0CV5ZG5TC,,,"4.6
132 ratings
4.6 out of 5 stars","#30,958 in Sports & Outdoors (See Top 100 in Sports & Outdoors)
#136 in Activity & Fitness Trackers
#183 in Electronics & Gadgets",,,,,,,,,,"February 26, 2024",,,4.6,32 GB,500 Milliamp Hours,,,,,,,,,,,,,,,,,,,,,
https://www.amazon.com/Xiaomi-Version-Fitness-Tracker-Monitoring/dp/B0CGX7VD4X/ref=zg_bs_g_5393958011_d_sccl_24/145-0980347-9463126?psc=1,"Xiaomi Mi Smart Band 8 (Global Version) Health & Fitness Tracker with 60Hz Refresh Rate 1.62"" AMOLED Display, 16-Day Battery Life, 150+ Sports Modes, Blood Oxygen, Heart Rate,Sleep & Stress Monitoring",41.5,49.99,,Adjustable,Bluetooth,Bluetooth,Lithium Ion,,Rectangular,1.62 Inches,Xiaomi,Xiaomi Smart Band 8,,,B0CGX7VD4X,,,"4.2
420 ratings
4.2 out of 5 stars","#57,625 in Sports & Outdoors (See Top 100 in Sports & Outdoors)
#204 in Activity & Fitness Trackers",,,,,,,,,,"August 30, 2023",,,4.2,16 GB,,,,,,,Modern,,,,,,,,,,,,,,,
https://www.amazon.com/Fitness-Tracker-Activity-Trackers-Pedometer/dp/B0D6FXQ9WP/ref=zg_bs_g_5393958011_d_sccl_25/145-0980347-9463126?psc=1,"Fitness Tracker, Step Tracker with Heart Rate, Smart Watch Step Counter with Calorie, Sleep Tracker, 25 Sports, Activity Trackers Pedometer Watches for Women Men Android Phones iPhones",18.99,79.99,,,,,,,,,,,,,B0D6FXQ9WP,,,"3.7
31 ratings
3.7 out of 5 stars","#196,560 in Sports & Outdoors (See Top 100 in Sports & Outdoors)
#481 in Activity & Fitness Trackers",,,,,,,,,,"June 7, 2024",,,3.7,,,,,,,,,,,,,,,,,,,,,,,
https://www.amazon.com/Maledan-Compatible-Replacement-Accessories-Breathable/dp/B07K7RVKNM/ref=zg_bs_g_5393958011_d_sccl_26/145-0980347-9463126?psc=1,"Maledan Bands Compatible with Fitbit Charge 3/ Charge 4 Women Men, Breathable Sport Band Replacement Wristbands with Air Holes for Charge 4/ Charge 3/ Charge 3 SE Fitness Tracker, 3-Pack",7.99,2.66,,,,,,,,,,,,,B07K7RVKNM,,,"4.6
8,497 ratings
4.6 out of 5 stars","#21,285 in Sports & Outdoors (See Top 100 in Sports & Outdoors)
#107 in Activity & Fitness Trackers",,,,,,,,,,"November 6, 2018",,,4.6,,,,,,,,,,,,,,,,,,,,,,,
https://www.amazon.com/Pressure-Tracking-Waterproof-Activity-Pedometer/dp/B0CLDFGJYK/ref=zg_bs_g_5393958011_d_sccl_27/145-0980347-9463126?psc=1,"Health Fitness Tracker 2024 with 24/7 Heart Rate, Blood Oxygen, Blood Pressure, Sleep Tracker, IP68 Waterproof Activity Trackers with Step Tracker, Pedometer (S & L Bands Included)",45.99,79.99,android,"Cycle Tracking, Activity Tracker, Daily Workout Memory, Always On Display, Phone Call","GPS Enabled, Bluetooth",Bluetooth,Lithium Polymer,GPS Via Smartphone,Rectangular,1.57 Inches,VIPWISE,D36,9.8 x 2.91 x 0.67 inches,4.2 ounces,B0CLDFGJYK,D36,1 Lithium Polymer batteries required. (included),"3.7
436 ratings
3.7 out of 5 stars","#14,144 in Sports & Outdoors (See Top 100 in Sports & Outdoors)
#83 in Activity & Fitness Trackers",android,"GPS Enabled, Bluetooth","Cycle Tracking, Activity Tracker, Daily Workout Memory, Always On Display, Phone Call",Wireless,"Dial, Touchscreen, Microphone, Buttons",Pinksand,"a user manul, a fitness tracker (Size Small and Large Straps included), a charging cable, a warranty card",VIPWISE,,"October 19, 2023",,1.57 Inches,3.7,,,,,,,,,,,,,,,,Unisex-Adult,,,,,,,
https://www.amazon.com/GEAK-Compatible-Silicone-Replacement-Wristbands/dp/B09T5MNPD3/ref=zg_bs_g_5393958011_d_sccl_28/145-0980347-9463126?psc=1,"GEAK 4 Pack Slim Band Compatible with Fitbit Charge 5/Charge 6 Bands Women Men, Soft Silicone Sport Replacement Wristband for Fitbit Charge 5/Charge 6 Fitness Tracker, Black/Plum/Blue Gray/Pine Green",12.99,Check Page,,,,,,,,,,,,1.44 ounces,B09T5MNPD3,C5-blackbluegaryplumpine,,"4.4
535 ratings
4.4 out of 5 stars","#19,865 in Sports & Outdoors (See Top 100 in Sports & Outdoors)
#101 in Activity & Fitness Trackers",,,"Waterproof, Durable, Adjustable Settings",Wireless,,Black/Plum/Blue Gray/Pind Green,,GEAK,China,"February 23, 2022",,,4.4,,,,,,,,,,,,,12.44 x 7.2 x 0.55 inches,,,,4 count,,,,,0.5 Inches,
https://www.amazon.com/Fitness-Pressure-Pedometer-Activity-Smartwatch/dp/B0D7ZTRL6X/ref=zg_bs_g_5393958011_d_sccl_29/145-0980347-9463126?psc=1,"Fitness Tracker, 1.10"" Step Tracker with 24/7 Heart Rate, Blood Pressure, Sleep Tracker, Step Counter Pedometer for Android iOS, Activity Tracker, Smartwatch, Pedometer Watch for Women Men Kids",16.99,Check Page,,,,,,,,,,,,,B0D7ZTRL6X,,,"3.8
26 ratings
3.8 out of 5 stars",,,,,,,,,,,"June 26, 2024",,,3.8,,,,,,,,,,,,,,,,,,,,,,,
https://www.amazon.com/Jawploy-Fitness-Calories-Activity-Pedometer/dp/B0CZ3WH53C/ref=zg_bs_g_5393958011_d_sccl_30/145-0980347-9463126?psc=1,"Fitness Tracker with Heart Rate Monitor/Step Counter/Calories, Activity Tracker Smart Watch Sleep Monitor, IP68, Health Tracker Pedometer for Man Women",18.99,19.98,Android Wear/Wear OS or Tizen,"Fitness Tracker/Activity Tracker/Distance Tracker/Sleep Monitor/Female Health Assistant, Blood Pressure Monitor/Heart Rate Monitor/Other Health Data Monitor/Step counter",Bluetooth,Bluetooth,Lithium Ion,GPS Via Smartphone,Rectangular,0.96 Inches,Jawploy,,,23.04 Grams,B0CZ3WH53C,S5,1 Unknown batteries required.,"3.6
258 ratings
3.6 out of 5 stars","#10,497 in Sports & Outdoors (See Top 100 in Sports & Outdoors)
#63 in Activity & Fitness Trackers",,,,,,,,Jawploy,USA,"March 26, 2024",,0.96 Inches,3.6,,105 Amp Hours,,,,,,,,,,,5.51 x 3.43 x 0.67 inches,,,,,,,,,,
https://www.amazon.com/WHOOP-Versatile-Comfortable-Adjustable-Compatible/dp/B0CK4ZM6BH/ref=zg_bs_g_5393958011_d_sccl_81/145-0980347-9463126?psc=1,"WHOOP Bicep Band, Versatile, Comfortable, and Adjustable, 4.0 Compatible, Wearable Health, Fitness & Activity Tracker",54.0,12.25,,,,,,,,,,,,,B0CK4ZM6BH,,,"4.3
24 ratings
4.3 out of 5 stars","#11,809 in Sports & Outdoors (See Top 100 in Sports & Outdoors)
#72 in Activity & Fitness Trackers",,,,,,,,,,"October 2, 2023",,,4.3,,,,,,,,,,,,,,,,,,,,,,,
https://www.amazon.com/Bakoor-Pressure-Activity-Trackers-Pedometer/dp/B0D6V51CKH/ref=zg_bs_g_5393958011_d_sccl_82/145-0980347-9463126?psc=1,"Fitness Tracker, Step Tracker with Blood Oxygen, Blood Pressure, 24/7 Heart Rate, Steps Counter with Sleep Tracking, Activity Trackers Pedometer Watch for Android Phones iPhone Women Men",28.99,Check Page,,,,,,,,,,,,,B0D6V51CKH,,,"3.9
27 ratings
3.9 out of 5 stars",,,,,,,,,,,"June 12, 2024",,,3.9,,,,,,,,,,,,,,,,,,,,,,,
https://www.amazon.com/Pro-Fit-VeryFitPro-Fitness-Waterproof-Activity/dp/B07HLJ3GJD/ref=zg_bs_g_5393958011_d_sccl_83/145-0980347-9463126?psc=1,OCTANDRA Active 2 VeryFit Fitness Tracker Heart Rate SpO2 Blood Oxygen Saturation Sleep Monitor Step Counter Pedometer IP68 Waterproof Activity Running Smart Watches for Men Women (ID155) (Pink),34.95,Check Page,,"Sleep Monitor, Step Counter, Heart Rate Monitor, Spo2 Blood Oxygen Saturation Monitor, Stress Tracker, 1.05-Inch Full Touch Color Screen, Weather Forecast, Personalized Watch Faces",Bluetooth,,Lithium Ion,No GPS,Rectangular,1.05 Inches,OCTANDRA,OCTANDRA ACTIVE 2,6.77 x 3.46 x 0.75 inches,2.11 ounces,B0CMT889M8,ID155,1 Lithium Ion batteries required. (included),"4.2
2,628 ratings
4.2 out of 5 stars","#35,277 in Electronics (See Top 100 in Electronics)
#856 in Smartwatches",,,,,,,,OCTANDRA,China,"November 7, 2023",,1.05 Inches,4.2,,1.1E+2 Milliamp Hours,,,,,,ACTIVE 2 (NEW),,,,,,,,unisex-adult,,,,,,,
https://www.amazon.com/Garmin-v%C3%ADvosmart-Activity-Fitness-Midnight/dp/B07GM59D12/ref=zg_bs_g_5393958011_d_sccl_84/145-0980347-9463126?psc=1,"Garmin vivosmart 4, Activity and Fitness Tracker w/ Pulse Ox and Heart Rate Monitor",64.99,Check Page,,,,,,,,,,,,,,,,,,,,,,,,,,,,,,4.2,,,,,,,,,,,,,,,,,,,,,,,
https://www.amazon.com/WHOOP-HydroKnit-Comfortable-Adjustable-Compatible/dp/B0D6HW2BSD/ref=zg_bs_g_5393958011_d_sccl_85/145-0980347-9463126?psc=1,"WHOOP HydroKnit Bicep Band, Versatile, Comfortable, and Adjustable, 4.0 Compatible, Wearable Health, Fitness & Activity Tracker",54.0,Check Page,,,,,,,,,,,,,B0D6HW2BSD,,,"3.8
10 ratings
3.8 out of 5 stars","#20,588 in Sports & Outdoors (See Top 100 in Sports & Outdoors)
#105 in Activity & Fitness Trackers",,,,,,,,,,"June 7, 2024",,,3.8,,,,,,,,,,,,,,,,,,,,,,,
https://www.amazon.com/KEEPONFIT-Smartwatch-Waterproof-Fitness-Tracker/dp/B0CD7K9HRS/ref=zg_bs_g_5393958011_d_sccl_86/145-0980347-9463126?psc=1,"Smart Watch with Answer/Make Calls, Metal Frame 1.8"" Alexa Built-in Fitness Tracker with IP68 Waterproof/100+ Sports Modes/Heart Rate/SpO2/Stress/Sleep Monitor for Men/Women for iOS/Android",39.99,49.99,,"Activity Tracker, Alarm Clock, Daily Workout Memory, Phone Call, Notifications",Bluetooth,Bluetooth,Lithium Ion,,Rectangular,1.8 Inches,KEEPONFIT,ID Sport01,11.1 x 3.5 x 0.7 inches,0.1 Kilograms,B0CD7K9HRS,ID Sport01,1 Lithium Ion batteries required. (included),"4.3
960 ratings
4.3 out of 5 stars","#30,903 in Sports & Outdoors (See Top 100 in Sports & Outdoors)
#135 in Activity & Fitness Trackers",,,,,,,,KEEPONFIT,China,"August 9, 2023",,1.8 Inches,4.3,,300 Milliamp Hours,,,,,,Casual,,,,,,,,,,,,,,,
https://www.amazon.com/Tobfit-Compatible-Waterproof-Replacement-Wristbands/dp/B0CKXJ6SRW/ref=zg_bs_g_5393958011_d_sccl_87/145-0980347-9463126?psc=1,"Tobfit 6 PACK Sport Bands Compatible with Fitbit Charge 2 Bands for Women Men, Soft Silicone Waterproof Straps Replacement Wristbands for Fitbit Charge 2 / Charge 2 HR Fitness Tracker",9.99,Check Page,,,,,,,,,,,,,,,,,,,,,,,,,,,,,,4.6,,,,,,,,,,,,,,,,,,,,,,,
https://www.amazon.com/LIVIKEY-Activity-Pedometer-Calories-Compatible/dp/B0C2HP941B/ref=zg_bs_g_5393958011_d_sccl_88/145-0980347-9463126?psc=1,"Fitness Tracker Watch with Heart Rate Monitor, Step Counter Activity Tracker with Pedometer & Sleep Monitor, Calories, Step Tracking for Women Men Compatible with Android iOS",16.99,79.99,iOS 7.0 above & Android 4.4 above Smartphone.,"heart rate monitoring, sleep monitoring",Wireless,Bluetooth,Lithium Polymer,Location Capture,Rectangular,0.96 Inches,LIVIKEY,ID130PlusHR,6.88 x 3.5 x 0.7 inches,0.811 ounces,B0C2HP941B,ID130Plus HR,1 Lithium Ion batteries required. (included),"3.6
1,649 ratings
3.6 out of 5 stars","#21,620 in Sports & Outdoors (See Top 100 in Sports & Outdoors)
#107 in Activity & Fitness Trackers",iOS 7.0 above & Android 4.4 above Smartphone.,Wireless,"heart rate monitoring, sleep monitoring",Wireless,Touchscreen,Purple,Battery,LIVIKEY,,"April 14, 2023",23 Grams,0.96 Inches,3.6,,,,,,,,,,,,,,Bluetooth,OLED,,,,,,,,
https://www.amazon.com/Maledan-Compatible-Waterproof-Replacement-Wristbands/dp/B0CDLLMJV7/ref=zg_bs_g_5393958011_d_sccl_89/145-0980347-9463126?psc=1,"Maledan Compatible with Fitbit Charge 5 Bands/Charge 6 Bands Women Men, Soft Waterproof Replacement Strap Sport Wristbands for Fitbit Charge 5/Charge 6 Fitness Tracker, Large, Black",6.99,14.98,,,,,,Gps enabled,,,,,,0.317 ounces,B0CDLLMJV7,,,"4.2
145 ratings
4.2 out of 5 stars","#23,169 in Sports & Outdoors (See Top 100 in Sports & Outdoors)
#113 in Activity & Fitness Trackers",,,"Skin Friendly, Waterproof, Breathable",CE,Buttons,Black,,Sanmuyin Maoyi Youxiangongsi,,"August 3, 2023",,,4.2,,,,,,,,,,,,,7.95 x 2.64 x 0.43 inches,,,womens,1 Count,,,,,,
https://www.amazon.com/Puhuite-Compatible-Charge-Adjustable-Replacement/dp/B0CHRG65F2/ref=zg_bs_g_5393958011_d_sccl_90/145-0980347-9463126?psc=1,"Bands Compatible with Fitbit Charge 2 Bands for Women Men, Classic & Special Edition Adjustable Stretchy Nylon Replacement Strap Wristbands for Fitbit Charge 2",9.99,Check Page,,,,,,,,,,,,,,,,,,,,,,,,,,,,,,4.6,,,,,,,,,,,,,,,,,,,,,,,
https://www.amazon.com/scarDS-Replacement-ID115PlusHR-Pedometer-Wristbands/dp/B07VJXBYKW/ref=zg_bs_g_5393958011_d_sccl_91/145-0980347-9463126?psc=1,"Replacement Bands for Fitness Tracker ID115Plus HR, Pedometer Wristbands, Very Fit Pro Watch Band Replacement for Activity Tracker Straps, ONLY for ID115 Plus, ID115 PlusHR, ID130 Plus HR",7.99,4.0,,,,,,,,,,,,,B07VJXBYKW,,,"4.2
350 ratings
4.2 out of 5 stars","#25,360 in Sports & Outdoors (See Top 100 in Sports & Outdoors)
#121 in Activity & Fitness Trackers
#250 in Electronics & Gadgets",,,,,,,,,,"July 18, 2019",,,4.2,,,,,,,,,,,,,,,,,,,,,,,
https://www.amazon.com/ZURURU-Replacement-Band-Fitness-Tracker/dp/B08237CL4B/ref=zg_bs_g_5393958011_d_sccl_92/145-0980347-9463126?psc=1,ZURURU Replacement Bands Y39 Fitness Tracker,8.99,Check Page,,,,,,,,,,,,,,,,,,,,,,,,,,,,,,4.5,,,,,,,,,,,,,,,,,,,,,,,
https://www.amazon.com/SmartWatch-SleepTracker-Pedometer-Waterproof-Activity/dp/B0D63BQLLQ/ref=zg_bs_g_5393958011_d_sccl_93/145-0980347-9463126?psc=1,"Fitness Tracker 2024 (Answer/Make Calls),Smart watch for Men Women,1.85'' Smartwatch with 24/7 Heart Rate and SpO2,SleepTracker,100+Sport,Pedometer,IP68 Waterproof Activity Trackers for Android iPhone",39.99,59.99,"Android,iOS","2 Watch Bands(Silicone+Nylon), Bluetooth Answer/Make calls/AI Control, Notifications,, Activity Tracker, Sleep tracker, Heart Rate Monitor, Calorie Consumption, Sedentary Reminder,drink water re‚Ä¶ See more",Bluetooth,,Lithium Ion,GPS Via Smartphone,Square,1.85,Blackview,,,3.52 ounces,B0D63BQLLQ,R30Pro,1 Lithium Ion batteries required. (included),"4.5
104 ratings
4.5 out of 5 stars","#8,402 in Sports & Outdoors (See Top 100 in Sports & Outdoors)
#48 in Electronics & Gadgets
#56 in Activity & Fitness Trackers",,,,,,,,Blackview,China,"June 4, 2024",,1.85,4.5,128 MB,300 Amp Hours,,,,,,,,,,,7.09 x 3.43 x 0.75 inches,,,,,,,,,,
https://www.amazon.com/Maledan-Compatible-Breathable-Accessories-Wristbands/dp/B0C8HTRXYM/ref=zg_bs_g_5393958011_d_sccl_94/145-0980347-9463126?psc=1,"Maledan 8 Pack Band Compatible with Fitbit Charge 5/Charge 6 Bands for Women Men, Soft Slim Silicone Waterproof Sport Strap Replacement Wristband Accessories for Fitbit Charge 5/6 Fitness Tracker",16.99,Check Page,,,,,,,,,,,,,,,,,,,,,,,,,,,,,,4.6,,,,,,,,,,,,,,,,,,,,,,,
https://www.amazon.com/Asmoda-Fitness-Tracker-Activity-Waterproof/dp/B0DCTSJXXM/ref=zg_bs_g_5393958011_d_sccl_95/145-0980347-9463126?psc=1,"Fitness Tracker (Answer/Dial Call), Smart Watch with 1.47"" HD Touch Display, 130+ Sport Modes Activity Tracker with Sleep Monitor, IP68 Waterproof Tracker for Android&iPhone Women Men",49.99,89.99,Android/iOS,"Activity Tracker, Alarm Clock, Always On Display, Custom Activity Tracking, Lightweight, Multisport Tracker, Music Player, Notifications, Phone Call, Ti‚Ä¶ See more",Bluetooth,802.11b,Lithium Ion,,Round,1.47 Inches,Asmoda,,,2.89 ounces,B0DCTSJXXM,B7 Pro,1 Lithium Ion batteries required.,"4.5
173 ratings
4.5 out of 5 stars","#28,771 in Sports & Outdoors (See Top 100 in Sports & Outdoors)
#128 in Activity & Fitness Trackers
#175 in Electronics & Gadgets",Android/iOS,Bluetooth,"Activity Tracker, Alarm Clock, Always On Display, Custom Activity Tracking, Lightweight, Multisport Tracker, Music Player, Notifications, Phone Call, Time Display, Touchscreen, Weather Forecast",Wireless,Touchscreen,Starlight,"Fitness Tracker, User Manual, Charging cable",Asmoda,,"July 15, 2024",,1.47 Inches,4.5,128 MB,480 Milliamp Hours,,,,,,,,,,,10.91 x 2.87 x 0.67 inches,,,,,,,,,,
https://www.amazon.com/Maledan-Compatible-Waterproof-Stretchy-Replacement/dp/B0CT3ML6Z5/ref=zg_bs_g_5393958011_d_sccl_96/145-0980347-9463126?psc=1,"Maledan 3 Pack Elastic Band Compatible for Fitbit Charge 4 /Charge 3 Bands Men Women, Waterproof Braided Stretchy Replacement Strap Soft Nylon Wrist Bands for Charge 4/ Charge 3/ 3SE, Black Gray Green",12.99,Check Page,,,,,,,,,,,,1.76 ounces,B0CT3ML6Z5,,,"4.6
1,935 ratings
4.6 out of 5 stars","#15,433 in Sports & Outdoors (See Top 100 in Sports & Outdoors)
#127 in Activity & Fitness Trackers",,,,,,,,Maledan,,"January 23, 2024",,,4.6,,,,,,,,,,,,,7.2 x 6.06 x 0.47 inches,,,Unisex Adult,,,,,,,
https://www.amazon.com/Bluetooth-Required-Cloudpoem-Pedometer-Waterproof/dp/B09WRPJTP5/ref=zg_bs_g_5393958011_d_sccl_97/145-0980347-9463126?psc=1,"Fitness Tracker No Bluetooth No APP/Phone Required, Fitness Watch Pedometer Waterproof for Men Women Parents",33.99,Check Page,,Sleep Monitor,Bluetooth,Bluetooth,Lithium Ion,No GPS,Rectangular,1.47 Inches,Cloudpoem,S2,,,B09WRPJTP5,,,"3.7
457 ratings
3.7 out of 5 stars","#19,287 in Sports & Outdoors (See Top 100 in Sports & Outdoors)
#100 in Activity & Fitness Trackers",,,,,,,,,,"June 23, 2022",,,3.7,,,,,,,,Modern,,,,,,,,,,,,,,,
https://www.amazon.com/Imzuc-Waterproof-Smartwatch-Compatible-Calories/dp/B0CJ2RQ1C9/ref=zg_bs_g_5393958011_d_sccl_98/145-0980347-9463126?psc=1,"Fitness Tracker Watch, Step Tracker with Heart Rate, Blood Oxygen Sleep Monitor, 5ATM Waterproof Pedometer, Step Calorie Counter, Health Fitness Watch for Sports, Activity Tracker for Women Men",12.99,14.99,,"Weather Forecast, Sedentary Reminder, Do Not Disturb Mode, Night Mode, Timer, Stopwatch, Breath Training, Flashlight, Find Phone, Raise to W‚Ä¶ See more",Wireless,,Lithium Polymer,GPS Via Smartphone,Rectangular,1.5 Inches,Imzuc,,9.5 x 3.3 x 0.62 inches,2.39 ounces,B0CJ2RQ1C9,,1 Lithium Ion batteries required. (included),"4.0
220 ratings
4.0 out of 5 stars","#5,056 in Sports & Outdoors (See Top 100 in Sports & Outdoors)
#38 in Activity & Fitness Trackers",,Wireless,"Weather Forecast, Sedentary Reminder, Do Not Disturb Mode, Night Mode, Timer, Stopwatch, Breath Training, Flashlight, Find Phone, Raise to Wake, Music Control, Alarm Clock, Sedentary Alert, Drinking Reminder, Activity Tracker, Sleep Monitor, Heart Rate Monitor, Blood Oxygen Monitor, Pedometer, Step Calories Tracker",,,Black,,Imzuc,,"September 14, 2023",,1.5 Inches,4.0,,,,,,,,Modern,Unisex adult,,,,,,,,,,,,,,
https://www.amazon.com/Fitness-Tracker-Pressure-Activity-Waterproof/dp/B0CGJ71V5F/ref=zg_bs_g_5393958011_d_sccl_99/145-0980347-9463126?psc=1,"Fitness Tracker Answer/Make Calls, Smart Watch with Blood Pressure, Blood Oxygen, 24/7 Heart Rate Monitor, 120 Sport Mode Activity Tracker with Step Counter, Waterproof Sleep Tracker for Women Men",49.99,79.99,"iOS, Android","Answer/make calls, 120+ Sport modes, BP, HR, SpO2 monitor",Bluetooth,Bluetooth,Lithium Ion,,Rectangular,1.57 Inches,AviiHoug,H23,,,B0CGJ71V5F,,,"3.8
923 ratings
3.8 out of 5 stars","#64,062 in Sports & Outdoors (See Top 100 in Sports & Outdoors)
#220 in Activity & Fitness Trackers",,,,,,,,,,"September 16, 2023",,,3.8,,200 Milliamp Hours,,,,,,,,,,,,,,,,,,,,,
https://www.amazon.com/anyloop-Waterproof-Activity-Pedometer-Compatible/dp/B0D16YBL7C/ref=zg_bs_g_5393958011_d_sccl_100/145-0980347-9463126?psc=1,"Fitness Tracker Watch with Heart Rate Blood Oxygen Sleep Monitor, IP68 Waterproof Smart Watches, Step Calorie Counter Activity Trackers and Smartwatches for Women Men",46.99,79.99,,,,,,,,1.44 Inches,anyloop,,,24.95 g,B0D16YBL7C,,,"4.4
209 ratings
4.4 out of 5 stars","#38,575 in Sports & Outdoors (See Top 100 in Sports & Outdoors)
#161 in Activity & Fitness Trackers",,,,,,Dark Black,,anyloop,,"April 9, 2024",,,4.4,,,Smartphones,,Optical,Lithium-Ion Polymer,,,,,,,,,,,,,,,Silicone,,
