URL,title,price_actual,price_list,Operating System,Special Feature,Connectivity Technology,Battery Cell Composition,Shape,Screen Size,Brand,Model Name,Style,Color,rvw_avg,GPS,Product Dimensions,Item Weight,ASIN,Item model number,Batteries,Customer Reviews,Best Sellers Rank,Date First Available,Department,Manufacturer,Standing screen display size,Battery Capacity,Wireless Communication Standard,Package Dimensions,Country of Origin,Memory Storage Capacity,Is Discontinued By Manufacturer,OS,Wireless communication technologies,Connectivity technologies,Special features,Display technology,Other display features,Human Interface Input,Whats in the box,Weight,Ram Memory Installed Size,Language,Display resolution,Scanner Resolution,Battery Power Rating,,Age Range (Description),Compatible Devices,Display Type,Case Material,Release date,Type of item,Target Audience,Form Factor,Manufacturer recommended age,Material,UPC
https://www.amazon.com/Apple-Smartwatch-Midnight-Aluminum-Resistant/dp/B0CSTFHP3W/ref=zg_bs_g_7939901011_d_sccl_1/139-0075924-6532933?psc=1,"Apple Watch Series 9 [GPS 45mm] Smartwatch with Midnight Aluminum Case with Midnight Sport Band M/L. Fitness Tracker, ECG Apps, Always-On Retina Display, Water Resistant",,Check Page,watchos,"Cycle Tracking, Activity Tracker, GPS, Voice Control, Heart Rate Monitor",Wi-Fi,Lithium Ion,Rectangular,45 Millimeters,Apple,Apple Watch Series 9 (GPS),M/L - fits 160–210mm wrists,Midnight Aluminum Case with Midnight Sport Band,4.7,,,,,,,,,,,,,,,,,,,,,,,,,,,,,,,,,,,,,,,,,,,,
https://www.amazon.com/Apple-Smartwatch-Starlight-Aluminum-Detection/dp/B0CHX7R6WJ/ref=zg_bs_g_7939901011_d_sccl_2/139-0075924-6532933?psc=1,"Apple Watch SE (2nd Gen) [GPS 40mm] Smartwatch with Starlight Aluminum Case with Starlight Sport Band S/M. Fitness & Sleep Tracker, Crash Detection, Heart Rate Monitor",,Check Page,,"Cycle Tracking, Activity Tracker, GPS, Voice Control, Heart Rate Monitor",Wi-Fi,Lithium Ion,Rectangular,40 Millimeters,Apple,"Apple Watch SE (2nd Generation, GPS)",S/M - fits 130–180mm wrists,Starlight Aluminum Case with Starlight Sport Band,4.6,Built-in GPS,,,,,,,,,,,,,,,,,,,,,,,,,,,,,,,,,,,,,,,,,,,
https://www.amazon.com/Apple-Watch-GPS-44MM-Aluminum/dp/B083M8DP6X/ref=zg_bs_g_7939901011_d_sccl_3/139-0075924-6532933?psc=1,"Apple Watch Series 5 (GPS, 44MM) - Space Gray Aluminum Case with Black Sport Band (Renewed)",129.88,166.0,watchOS 6,"Time Display, Accelerometer, GPS, Notifications, Heart Rate Monitor, Always On display, Water Resistant",GPS,Lithium Ion,Rectangular,44 Millimeters,Apple,Apple Watch Series 5 GPS,GPS,,4.2,Built-in GPS,5 x 4 x 7 inches,4.2 ounces,B083M8DP6X,MWVF2LL/A,1 Lithium Ion batteries required. (included),"4.2
26,435 ratings
4.2 out of 5 stars","#370 in Electronics (See Top 100 in Electronics)
#2 in Renewed Smartwatches
#5 in Men's Smartwatches
#6 in Smartwatches","January 8, 2020",mens,Apple Computer,44 Millimeters,,,,,,,,,,,,,,,,,,,,,,,,,,,,,,,,
https://www.amazon.com/Smartwatch-Activity-Waterproof-Pedometer-Calories/dp/B0CYBVPW33/ref=zg_bs_g_7939901011_d_sccl_4/139-0075924-6532933?psc=1,"Smart Watch for Men Women (Answer/Make Call), 2024 HD 1.91""Smartwatch Fitness Activity Tracker, 110+ Sports IP68 Waterproof, Heart Rate/Sleep Monitor/Pedometer/Calories, Fitness Watch for Android iOS",39.99,8.0,iOS/Android,"Full touch, support iOS 9.0 above/Android 4.4 above, heart rate, blood oxygen, step counting, stroke, sleep, alarm clock, sedentary reminder, remote control photography, music control, female men… See more",Bluetooth,Lithium Polymer,Square,1.91 Inches,uaue,,,,4.2,GPS Via Smartphone,,40 Grams,B0CYBVPW33,T60,1 Lithium Polymer batteries required. (included),"4.2
2,140 ratings
4.2 out of 5 stars","#177 in Electronics (See Top 100 in Electronics)
#3 in Smartwatches","March 18, 2024",,uaue,1.91 Inches,300 Milliamp Hours,Bluetooth,6.85 x 3.74 x 0.75 inches,China,,,,,,,,,,,,,,,,,,,,,,,,,,,,
https://www.amazon.com/Smartwatch-Fitness-Waterproof-Pedometer-Activity/dp/B0CZNX1YBK/ref=zg_bs_g_7939901011_d_sccl_5/139-0075924-6532933?psc=1,"Smart Watch, 1.91""Smartwatch for Men Women (Answer/Make Call), Fitness Tracker with 100+ Sport Modes, IP68 Waterproof, Heart Rate/Sleep Monitor, Spo2, Pedometer, Activity Tracker for Android iOS",39.99,99.99,,"Bluetooth Call, Message, Health Monitoring, Fitness Tracker, stopwatch, alarm clock, find your phone, sedentary reminder, music control, weather forecast, don‘t disturb mode, brightness adjustme… See more",Bluetooth,Lithium Polymer,Square,1.91 Inches,Kuizil,,Modern,,4.2,,12 x 3 x 5 inches,30 Grams,B0CZNX1YBK,T70,1 Lithium Metal batteries required. (included),"4.2
4,171 ratings
4.2 out of 5 stars","#1,165 in Electronics (See Top 100 in Electronics)
#16 in Smartwatches","April 2, 2024",,Kuizil,1.91 Inches,300 Milliamp Hours,Bluetooth,,,1 GB,,,,,,,,,,,,,,,,,,,,,,,,,,,
https://www.amazon.com/Apple-Watch-44mm-Space-Aluminum/dp/B07PS9D7GW/ref=zg_bs_g_7939901011_d_sccl_6/139-0075924-6532933?psc=1,"Apple Watch Series 4 (GPS, 44MM) - Space Gray Aluminum Case with Black Sport Band (Renewed)",126.58,135.0,WatchOS,"Electrocardiography, Heart rate, Accelerometer, Altimeter, Ambient light sensor, Gyro sensor, Heart rate sensor, GPS,Time Display,Phone Call, Notifications",GPS,Lithium Ion,Rectangular,44 Millimeters,Apple,series 4,,"Space Gray, Black",4.1,True,15.9 x 7.9 x 1 inches,4.2 ounces,B07PS9D7GW,MU6D2LL/A,2 Lithium Ion batteries required. (included),"4.1
24,380 ratings
4.1 out of 5 stars","#9 in Amazon Renewed (See Top 100 in Amazon Renewed)
#1 in Renewed Smartwatches
#3 in Men's Smartwatches
#4 in Smartwatches","March 17, 2019",mens,Apple,44 Millimeters,,,,,1 GB,Yes,WatchOS,Cellular,GPS,"Electrocardiography, Heart rate, Accelerometer, Altimeter, Ambient light sensor, Gyro sensor, Heart rate sensor, GPS,Time Display,Phone Call, Notifications",OLED,Wireless,Buttons,"Apple Watch 40mm Series 4, Charging Cable,Square Wall Socket Charging Adapter",,,,,,,,,,,,,,,,,,
https://www.amazon.com/Apple-Cellular-Smartwatch-Starlight-Detection/dp/B0CHX6VPP5/ref=zg_bs_g_7939901011_d_sccl_7/139-0075924-6532933?psc=1,"Apple Watch SE (2nd Gen) [GPS + Cellular 40mm] Smartwatch with Starlight Aluminum Case with Starlight Sport Band S/M. Fitness & Sleep Tracker, Crash Detection, Heart Rate Monitor",,Check Page,,"Cycle Tracking, Activity Tracker, GPS, Voice Control, Heart Rate Monitor","Cellular, Wi-Fi",Lithium Ion,Rectangular,40 Millimeters,Apple,"Apple Watch SE (2nd Generation, GPS + Cellular)",S/M - fits 130–180mm wrists,Starlight Aluminium Case with Starlight Sport Band,4.6,Built-in GPS,,,,,,,,,,,,,,,,,,,,,,,,,,,,,,,,,,,,,,,,,,,
https://www.amazon.com/Apple-Watch-Starlight-Aluminum-Sport/dp/B09NWG459J/ref=zg_bs_g_7939901011_d_sccl_8/139-0075924-6532933?psc=1,"Apple Watch Series 7 (GPS, 41mm) Starlight Aluminum Case with Starlight Sport Band, Regular (Renewed)",188.99,199.99,WatchOS,"Activity Tracker, Heart Rate Monitor, Sleep Monitor, Blood Oxygen",gps,Lithium Ion,"Apple,Heart",41 Millimeters,Apple,"series 6,series 7",GPS,,4.3,Built-in GPS,8 x 5 x 3 inches,4.6 ounces,B09NWG459J,Apple Watch Series 7,1 Lithium Ion batteries required.,"4.3
6,728 ratings
4.3 out of 5 stars","#945 in Electronics (See Top 100 in Electronics)
#4 in Renewed Smartwatches
#6 in Men's Smartwatches
#11 in Smartwatches","December 20, 2021",mens,Apple Computer,41 Millimeters,,,,,,,,,,,,,,,,,,,,,,,,,,,,,,,,
https://www.amazon.com/Samsung-Galaxy-Watch-Smartwatch-Detection/dp/B096BK7W5M/ref=zg_bs_g_7939901011_d_sccl_9/139-0075924-6532933?psc=1,"SAMSUNG Galaxy Watch 4 40mm Smartwatch with ECG Monitor Tracker for Health, Fitness, Running, Sleep Cycles, GPS Fall Detection, Bluetooth, US Version, SM-R860NZDAXAA, Pink Gold",94.0,649.99,watchOS 4,"ECG, Sleep Monitor, Activity Tracker, GPS, Bluetooth, Heart Rate Monitor, Wireless, Daily Workout Memory, Notifications, Music Player, Blood Pressure Monitor","Bluetooth, gps",Lithium Ion,"Heart,Irregular",1.2 Inches,SAMSUNG,,,Pink Gold,4.6,True,1.59 x 1.55 x 0.39 inches,0.914 ounces,B096BK7W5M,SM-R860NZDAXAA,1 Lithium Ion batteries required. (included),"4.6
28,792 ratings
4.6 out of 5 stars","#2,445 in Electronics (See Top 100 in Electronics)
#15 in Men's Smartwatches
#56 in Smartwatches","August 11, 2021",mens,Samsung,1.2 Inches,,Bluetooth,,,16 GB,,watchOS 4,Bluetooth,"Bluetooth, gps","ECG, Sleep Monitor, Activity Tracker, GPS, Bluetooth, Heart Rate Monitor, Wireless, Daily Workout Memory, Notifications, Music Player, Blood Pressure Monitor",,Wireless,"Touchscreen, Buttons","Watch, Band, Charger",25.9 Grams,1.5 GB,,,,,,,,,,,,,,,,
https://www.amazon.com/SAMSUNG-Bluetooth-Smartwatch-Personalized-Advanced/dp/B0C792QRW6/ref=zg_bs_g_7939901011_d_sccl_10/139-0075924-6532933?psc=1,"SAMSUNG Galaxy Watch 6 40mm Bluetooth Smartwatch, Fitness Tracker, Personalized HR Zones, Advanced Sleep Coaching, Heart Monitor, BIA Sensor, Health Wellness Insights, Big Screen, US Version, Graphite",199.99,299.99,Android,Sleep Monitor,"Bluetooth, Wi-Fi",Lithium Ion,Round,40 Millimeters,SAMSUNG,Galaxy Watch 6,,Graphite,4.5,True,,5.9 ounces,B0C792QRW6,SM-R930NZKAXAA,1 Lithium Ion batteries required. (included),"4.5
5,227 ratings
4.5 out of 5 stars","#1,863 in Electronics (See Top 100 in Electronics)
#31 in Smartwatches","July 26, 2023",,SAMSUNG,40 Millimeters,,Bluetooth,10.87 x 4.21 x 2.32 inches,Vietnam,,,Android,Bluetooth,"Bluetooth, Wi-Fi",Sleep Monitor,,Wireless,Touchscreen,"Watch Strap, Galaxy Watch Charger, Watch Body",,,English,,,,,,,,,,,,,,,
https://www.amazon.com/Fitbit-Smartwatch-Readiness-Exercise-Waterfall/dp/B0B4MZWCXK/ref=zg_bs_g_7939901011_d_sccl_11/139-0075924-6532933?psc=1,"Fitbit Versa 4 Fitness Smartwatch with Daily Readiness, GPS, 24/7 Heart Rate, 40+ Exercise Modes, Sleep Tracking and more, Waterfall Blue/Platinum, One Size (S & L Bands Included)",199.95,59.95,Fitbit OS,"Activity Tracker, GPS, Sleep Monitor, Stress Tracking, Heart Rate Monitor, Water Resistant, Alaram Clock, Notifications, Phone Call, Text Mess… See more",USB,Lithium Ion,Heart,1.34 Inches,Fitbit,,,Waterfall Blue/Platinum,4.3,Built-in GPS,1.57 x 0.43 x 1.57 inches,7 ounces,B0B4MZWCXK,6514031,1 Lithium Ion batteries required.,"4.3
11,793 ratings
4.3 out of 5 stars","#1,253 in Electronics (See Top 100 in Electronics)
#17 in Smartwatches","September 23, 2022",mens,Fitbit Inc,1.34 Inches,144 Hours,Bluetooth,,China,,,Fitbit OS,Bluetooth,USB,"Activity Tracker, GPS, Sleep Monitor, Stress Tracking, Heart Rate Monitor, Water Resistant, Alaram Clock, Notifications, Phone Call, Text Messaging, Bluetooth",,Wireless,Touchscreen,"Watch, Band",7.04 ounces,,,,,,,,,,,,,,,,,
https://www.amazon.com/Garmin-v%C3%ADvoactive-Fitness-Smartwatch-Display/dp/B0CG6NR413/ref=zg_bs_g_7939901011_d_sccl_12/139-0075924-6532933?psc=1,"Garmin vívoactive 5, Health and Fitness GPS Smartwatch, AMOLED Display, Up to 11 Days of Battery, Black",273.59,299.99,Android & iOS,"Touchscreen, Bluetooth","Bluetooth, Wi-Fi, USB",Lithium Polymer,Round,1.2 Inches,Garmin,,,Black,4.4,Built-in GPS,1.7 x 1.7 x 0.43 inches,1.3 ounces,B0CG6NR413,010-02862-10,1 Lithium Polymer batteries required. (included),"4.4
2,562 ratings
4.4 out of 5 stars","#1,346 in Electronics (See Top 100 in Electronics)
#18 in Smartwatches","September 20, 2023",mens,Garmin,1.2 Inches,,Bluetooth,,Taiwan,4 GB,,Android & iOS,"Bluetooth, Wi-Fi","Bluetooth, Wi-Fi, USB","Touchscreen, Bluetooth",AMOLED,Wireless,"Touchscreen, Buttons","vívoactive 5, charging/data cable, documentation",1.3 Ounces,,Multiple Languages,390 x 390,390 x 390,,,,,,,,,,,,,
https://www.amazon.com/Fitbit-Smartwatch-Readiness-Exercise-Tracking/dp/B0B4MWCFV4/ref=zg_bs_g_7939901011_d_sccl_13/139-0075924-6532933?psc=1,"Fitbit Versa 4 Fitness Smartwatch with Daily Readiness, GPS, 24/7 Heart Rate, 40+ Exercise Modes, Sleep Tracking and more, Black/Graphite, One Size (S & L Bands Included)",188.0,199.95,ios,"Activity Tracker, GPS, Heart Rate Monitor, Sleep Monitor, Daily Workout Memory, Water Resistant, Alarm Clock, Bluetooth, Text Messaging, Phone Call",Ethernet,Lithium Ion,Heart,1.69 Inches,Fitbit,,,Black/Graphite,4.3,Built-in GPS,1.57 x 0.43 x 1.57 inches,6.3 ounces,B0B4MWCFV4,6514032,1 Lithium Ion batteries required.,"4.3
11,793 ratings
4.3 out of 5 stars","#847 in Electronics (See Top 100 in Electronics)
#10 in Smartwatches","September 23, 2022",mens,Fitbit Inc,1.69 Inches,,Bluetooth,,,6400 MB,,ios,Bluetooth,Ethernet,"Activity Tracker, GPS, Heart Rate Monitor, Sleep Monitor, Daily Workout Memory, Water Resistant, Alarm Clock, Bluetooth, Text Messaging, Phone Call",,Wireless,Touchscreen with Stylus Support,"Fitbit Versa 4 Fitness Smartwatch, S & L Bands, Charger",180 Grams,,,,,,,,,,,,,,,,,
https://www.amazon.com/Smart-Watch-Men-Women-Compatible/dp/B0D3BP4HVD/ref=zg_bs_g_7939901011_d_sccl_14/139-0075924-6532933?psc=1,"Smart Watch for Men Women - Answer/Make Calls/Quick Reply/AI Voice Assistant, 1.83"" for Android iPhone Samsung Compatible IP68 Smartwatch Blood Oxygen Heart Rate Fitness Tracker (Black, 1.83"")",18.99,29.99,RTOS,"Activity Tracker, Notifications",Bluetooth,Lithium Polymer,Square,1.83 Inches,JeeJTek,,,,4.1,GPS Via Smartphone,,2.89 ounces,B0D3BP4HVD,TGW101,1 Lithium Polymer batteries required. (included),"4.1
178 ratings
4.1 out of 5 stars","#2,295 in Electronics (See Top 100 in Electronics)
#50 in Smartwatches","May 5, 2024",,JeeJTek,1.83 Inches,,Bluetooth,7.52 x 3.82 x 0.75 inches,China,128 MB,,,,,,,,,,,892 KB,,,,,,,,,,,,,,,,
https://www.amazon.com/Apple-Watch-SE-2nd-40mm/dp/B0BWPK91TB/ref=zg_bs_g_7939901011_d_sccl_15/139-0075924-6532933?psc=1,"Apple Watch SE (2nd Gen) (GPS, 40mm) - Starlight Aluminum Case with Starlight Sport Band, S/M (Renewed)",158.0,169.0,WatchOS,"Activity Tracker, Heart Rate Monitor, Sleep Monitor, GPS, Fall Detection, SOS Button, Phone Call, Notification, Elevation Tracker, Cycle Tracking, Accelerometer","Wi-Fi, USB",Lithium Ion,"Apple,Heart,Irregular",40 Millimeters,Apple,Apple Watch SE,,,4.2,Built-in GPS,11.65 x 2.99 x 1.35 inches,8.1 ounces,B0BWPK91TB,MNT63LL/A,1 Lithium Ion batteries required.,"4.2
377 ratings
4.2 out of 5 stars","#7,125 in Electronics (See Top 100 in Electronics)
#29 in Renewed Smartwatches
#40 in Men's Smartwatches
#185 in Smartwatches","February 23, 2023",mens,Apple,40 Millimeters,,,,,32 GB,,,,,,,,,,,,,,,,,,,,,,,,,,,
https://www.amazon.com/Samsung-Android-Compatible-Waterproof-Smartwatch/dp/B0D3BNKMG8/ref=zg_bs_g_7939901011_d_sccl_16/139-0075924-6532933?psc=1,"Smart Watch for Women Men Answer/Make Calls/Quick Reply, Samsung Android iPhone Compatible Fitness Tracker with 100+ Sport Modes, Heart Rate Blood Oxygen Sleep Monitor IP68 Waterproof Smartwatch",25.99,39.99,"RTOS, smartwatch","Time Display, Alarm Clock, Daily Workout Memory Calendaring, Cycle Tracking, Daily Workout Memory, Multisport Tracker, Sedentary Reminder, Voice Control, Phone Call, Notifications, Music Player","Bluetooth, USB",Lithium Polymer,Round,1.28 Inches,JeeJTek,,,,4.4,,10.28 x 1.85 x 0.47 inches,3.2 ounces,B0D3BNKMG8,TGW008,1 Lithium Polymer batteries required. (included),"4.4
179 ratings
4.4 out of 5 stars","#1,727 in Electronics (See Top 100 in Electronics)
#26 in Smartwatches","May 5, 2024",,JeeJTek,1.28 Inches,300 Milliamp Hours,Bluetooth,,China,128 MB,,,,,,,,,,,892 KB,,,,,,,,,,,,,,,,
https://www.amazon.com/TOOBUR-Fitness-Tracker-Waterproof-Compatible/dp/B0C4GN5QZ1/ref=zg_bs_g_7939901011_d_sccl_17/139-0075924-6532933?psc=1,"Smart Watch for Women Alexa Built-in, 1.95"" Fitness Tracker with Answer/Make Calls, IP68 Waterproof/Heart Rate/Sleep Tracker/100 Sport Modes, Fitness Watch Compatible Android iOS",29.95,69.99,Android 6.0+ / iOS 9.0+,"Alexa Built-in, Compatible with Bluetooth Calls, iOS & Android Compatible, Notifications, Heart Rate, Sleep Tracker, Step Calorie Counter, Activity Tracker, 100 Sport Modes, IP68 Waterproof, Find… See more",Bluetooth,Lithium Polymer,Rectangular,1.95 Inches,TOOBUR,IDW16,Casual,,4.1,,10.24 x 1.5 x 0.75 inches,3.53 ounces,B0C4GN5QZ1,IDW16,1 Lithium Metal batteries required. (included),"4.1
5,489 ratings
4.1 out of 5 stars","#1,553 in Electronics (See Top 100 in Electronics)
#22 in Smartwatches","May 6, 2023",,TOOBUR,1.95 Inches,,Bluetooth,,China,,,,,,,,,,,,,,,,,,,,,,,,,,,,
https://www.amazon.com/Apple-Smartwatch-Midnight-Aluminum-Detection/dp/B0CHXH39GN/ref=zg_bs_g_7939901011_d_sccl_18/139-0075924-6532933?psc=1,"Apple Watch SE (2nd Gen) [GPS 44mm] Smartwatch with Midnight Aluminum Case with Midnight Sport Band M/L. Fitness & Sleep Tracker, Crash Detection, Heart Rate Monitor",219.0,279.0,,"Cycle Tracking, Activity Tracker, GPS, Voice Control, Heart Rate Monitor",Wi-Fi,Lithium Ion,Rectangular,44 Millimeters,Apple,"Apple Watch SE (2nd Generation, GPS)",M/L - fits 160–210mm wrists,Midnight Aluminum Case with Midnight Sport Band,4.6,Built-in GPS,,,,,,,,,,,,,,,,,,,,,,,,,,,,,,,,,,,,,,,,,,,
https://www.amazon.com/Apple-Watch-Cellular-Aluminum-Medium/dp/B0CTD9B3HB/ref=zg_bs_g_7939901011_d_sccl_19/139-0075924-6532933?psc=1,Apple Watch Series 9 45mm (GPS + Cellular) Aluminum Black with Medium/Large Black Sport Band,289.99,319.99,Watch OS,"Cycle Tracking, Activity Tracker, GPS, Voice Control, Heart Rate Monitor","Cellular, Wi-Fi",Lithium Ion,Rectangular,45 Millimeters,Apple,Apple Watch Series 9,M/L - fits 160–210mm wrists,,4.3,Built-in GPS,6 x 4 x 4 inches,7.4 ounces,B0CTD9B3HB,MRMD3LL/A,1 Lithium Ion batteries required. (included),"4.3
510 ratings
4.3 out of 5 stars","#768 in Electronics (See Top 100 in Electronics)
#3 in Renewed Smartwatches
#9 in Smartwatches
#21 in Electronics & Gadgets","January 26, 2024",mens,Apple,45 Millimeters,,,,,,,,,,,,,,,,,,,,,,,,,,,,,,,,
https://www.amazon.com/Apple-Cellular-Smartwatch-Precision-Extra-Long/dp/B0CSVB9C5G/ref=zg_bs_g_7939901011_d_sccl_20/139-0075924-6532933?psc=1,"Apple Watch Ultra 2 [GPS + Cellular 49mm] Smartwatch with Rugged Titanium Case & Blue Ocean Band One Size. Fitness Tracker, Precision GPS, Action Button, Extra-Long Battery Life, Bright Retina Display",689.0,799.0,watchOS 10,"Cycle Tracking, Activity Tracker, GPS, Voice Control, Heart Rate Monitor",Wi-Fi,Lithium Ion,Rectangular,49 Millimeters,Apple,Apple Watch Ultra 2 (GPS + Cellular),Hybrid,,4.7,Built-in GPS,,,,,,,,,,,,,,,,,,,,,,,,,,,,,,,,,,,,,,,,,,,
https://www.amazon.com/Tracking-Touchscreen-Smartwatch-Waterproof-Pedometer/dp/B0C1GNXTSW/ref=zg_bs_g_7939901011_d_sccl_21/139-0075924-6532933?psc=1,"Smart Watch, Fitness Tracker with Heart Rate Monitor, Blood Oxygen, Sleep Tracking, 1.5 Inch Touchscreen Smartwatch for Android iOS Swimming Waterproof Pedometer Step Calories Tracker for Women Men",19.99,21.99,"Android 6.0 / iOS 11.0 or above, Bluetooth 4.0 or above","Smart Notification: Email, Messages from App, Call, SNS Reminder, 5ATM Waterproof, Multiple Sport Modes, Activity Tracker, Sleep Monitor, Heart Rate Monitor, Blood Oxygen Moni… See more",Wireless,Lithium Polymer,Square,41 Millimeters,TYKOIT,,,Light Purple,4.0,GPS Via Smartphone,6.85 x 3.3 x 0.6 inches,2.39 ounces,B0C1GNXTSW,,1 Lithium Ion batteries required. (included),"4.0
2,305 ratings
4.0 out of 5 stars","#1,100 in Electronics (See Top 100 in Electronics)
#14 in Smartwatches","April 4, 2023",,TYKOIT,41 Millimeters,5040 Milliamp Hours,Bluetooth,,,,,"Android 6.0 / iOS 11.0 or above, Bluetooth 4.0 or above",Bluetooth,Wireless,"Smart Notification: Email, Messages from App, Call, SNS Reminder, 5ATM Waterproof, Multiple Sport Modes, Activity Tracker, Sleep Monitor, Heart Rate Monitor, Blood Oxygen Monitor, Pedometer, Calories Tracker, Time Display, 1.5 inch Full Color Touchscreen, Built-in Dials, Customized Watch Face, Brightness Settings, Do Not Disturb Mode, Night Mode, Sedentary Reminder, Timer, Stopwatch, Breath Training, Raise to Wake, Music Control, Alarm Clock, Drinking Reminder, Screen Duration Setting",,Wireless,Touchscreen,,,,,,,210 Milliamp Hours,,,,,,,,,,,,
https://www.amazon.com/Samsung-Android-Compatible-Waterproof-Smartwatch/dp/B0D3BMGS6K/ref=zg_bs_g_7939901011_d_sccl_22/139-0075924-6532933?psc=1,"Smart Watch for Men Women Answer/Make Calls/Quick Reply, Samsung Android iPhone Compatible Fitness Tracker with 100+ Sport Modes, Heart Rate Blood Oxygen Sleep Monitor IP68 Waterproof Smartwatch",29.99,99.99,RTOS,"Time Display, Alarm Clock, Daily Workout Memory Calendaring, Cycle Tracking, Daily Workout Memory, Multisport Tracker, Sedentary Reminder, Voice Control, Activity Tracker, Phone Call, Notifications",Bluetooth,Lithium Polymer,Round,1.28 Inches,JeeJTek,,,,4.4,,,3.2 ounces,B0D3BMGS6K,TGW008,1 Lithium Polymer batteries required. (included),"4.4
179 ratings
4.4 out of 5 stars","#5,682 in Electronics (See Top 100 in Electronics)
#151 in Smartwatches","May 5, 2024",,JeeJTek,1.28 Inches,300 Milliamp Hours,Bluetooth,7.52 x 3.78 x 0.75 inches,China,128 MB,,,,,,,,,,,892 KB,,,,,,,,,,,,,,,,
https://www.amazon.com/Fitbit-Smartwatch-Readiness-Exercise-Tracking/dp/B0B4N6B93J/ref=zg_bs_g_7939901011_d_sccl_23/139-0075924-6532933?psc=1,"Fitbit Versa 4 Fitness Smartwatch with Daily Readiness, GPS, 24/7 Heart Rate, 40+ Exercise Modes, Sleep Tracking and more, Pink Sand/Copper Rose, One Size (S & L Bands Included)",193.99,Check Page,Apple iOS 15 or higher. Android OS 9 or higher,"Sleep Monitor, Blood Pressure Monitor, Activity Tracker, Daily Workout Memory, Elevation Tracker, Heart Rate, Notifications, GPS","Bluetooth, gps",Lithium Ion,Heart,1.34 Inches,Fitbit,,,Pink Sand / Copper Rose,4.3,Built-in GPS,1.57 x 0.43 x 1.57 inches,6.4 ounces,B0B4N6B93J,6514035,1 Lithium Ion batteries required.,"4.3
11,793 ratings
4.3 out of 5 stars","#1,118 in Electronics (See Top 100 in Electronics)
#15 in Smartwatches","September 23, 2022",mens,Fitbit Inc,1.34 Inches,,Bluetooth,,,6400 MB,,Apple iOS 15 or higher. Android OS 9 or higher,Bluetooth,"Bluetooth, gps","Sleep Monitor, Blood Pressure Monitor, Activity Tracker, Daily Workout Memory, Elevation Tracker, Heart Rate, Notifications, GPS",,Wireless,Buttons,"Watch, Band",6.35 Ounces,,,,,,,,,,,,,,,,,
https://www.amazon.com/Fitpolo-Watches-Bluetooth-Waterproof-Compatible/dp/B0CPLSMCD4/ref=zg_bs_g_7939901011_d_sccl_24/139-0075924-6532933?psc=1,"Fitpolo Smart Watches for Women, 1.8'' Alexa Built-in Fitness Tracker Watch with Bluetooth Calls, IP68 Waterproof, Heart Rate/Sleep/SpO2 Monitor, 110 Sports Modes Compatible with Android & iPhone",49.76,59.95,"Android 6.0 or above, iOS 9.0 or above","Work with Alexa, Bluetooth Call Make/Answer, IP68 Waterproof, Heart Rate/SpO2/Sleep/Stress Monitor, 100 Sports Modes, Pedometer/Calories/Distance Record, Alarm Clock, Message No… See more",Bluetooth,Lithium Polymer,Square,1.8 Inches,,,,Pink,4.1,GPS Via Smartphone,10.6 x 3.5 x 0.7 inches,0.176 ounces,B0CPLSMCD4,IDW208P,1 D batteries required. (included),"4.1
1,971 ratings
4.1 out of 5 stars","#3,522 in Electronics (See Top 100 in Electronics)
#90 in Smartwatches","February 5, 2024",womens,Fitpolo,1.8 Inches,300 Milliamp Hours,Bluetooth,,China,128 MB,,"Android 6.0 or above, iOS 9.0 or above",Bluetooth,Bluetooth,"Work with Alexa, Bluetooth Call Make/Answer, IP68 Waterproof, Heart Rate/SpO2/Sleep/Stress Monitor, 100 Sports Modes, Pedometer/Calories/Distance Record, Alarm Clock, Message Notification, Music Control and so on",,Wireless,Touchscreen,,5 Grams,128 MB,,,240 x 240,300 Milliamp Hours,,,,,,,,,,,,
https://www.amazon.com/Samsung-Electronics-Smartwatch-Detection-Bluetooth/dp/B09JKYS2MZ/ref=zg_bs_g_7939901011_d_sccl_25/139-0075924-6532933?psc=1,"Samsung Electronics Galaxy Watch 4 Classic 46mm Smartwatch with ECG Monitor Tracker for Health Fitness Running Sleep Cycles GPS Fall Detection Bluetooth US Version, Black (Renewed)",79.97,82.99,Wear OS,"Time Display, Sleep Monitor, GPS",Bluetooth WiFi + LTE,Lithium Ion,Round,1.4 Inches,,,,,4.3,True,7 x 4 x 5 inches,11.97 g,B09JKYS2MZ,Galaxy Watch4 Classic,1 Lithium Ion batteries required.,"4.3
4,754 ratings
4.3 out of 5 stars","#2,293 in Electronics (See Top 100 in Electronics)
#9 in Renewed Smartwatches
#16 in Men's Smartwatches
#53 in Smartwatches","October 15, 2021",mens,Samsung Electronics,1.4 Inches,12 Milliamp Hours,Bluetooth,,,2 GB,,,,,,,,,,,1.5 GB,,,,,,,,,,,,,,,,
https://www.amazon.com/Apple-Watch-GPS-45mm-Midnight/dp/B0BS4D5C8D/ref=zg_bs_g_7939901011_d_sccl_26/139-0075924-6532933?psc=1,"Apple Watch Series 8 [GPS, 45mm] - Midnight Aluminum Case with Midnight Sport Band, M/L (Renewed)",204.99,249.0,WatchOS,"Activity Tracker, Heart Rate Monitor, Sleep Monitor, Oxymeter (SpO2), ECG, Body Temperature Monitor, Fall Detection, SOS Button, Phone Call, Notification, Music Player, Elevation Tracker, Cycle Trac… See more",USB,Lithium Ion,"Apple,Car,Irregular",45 Millimeters,Apple,,,,4.3,Built-in GPS,,8 ounces,B0BS4D5C8D,Apple Watch Series 8,1 Lithium Ion batteries required.,"4.3
3,308 ratings
4.3 out of 5 stars","#2,118 in Electronics (See Top 100 in Electronics)
#9 in Renewed Smartwatches
#44 in Smartwatches","January 11, 2023",Unisex,Apple,45 Millimeters,282,,,,32 GB,,,,,,,,,,,,,,,,,,,,,,,,,,,
https://www.amazon.com/Watches-Samsung-Compatible-Waterproof-Pedometer/dp/B0D5CKLKP3/ref=zg_bs_g_7939901011_d_sccl_27/139-0075924-6532933?psc=1,"Smart Watches for Women [400+Watch Faces/Calls/Female Health] Samsung Galaxy Android Apple iPhone Compatible, Waterproof Fitness Watches for Women Step Tracker Fitness Tracker Watch Womens, Pedometer",36.99,99.99,Compatible with iOS & Android,"400+ Personalized Watch Faces, Bluetooth Voice Call, Text Messaging, Ecg,Camera Contral, APPs Notification, Female Cycle Tracking, 70 Sport Modes, Ultra-Long Battery Life, Activity Tracker,… See more",Bluetooth,Lithium Polymer,Round,1.27 Inches,,,,,4.6,GPS Via Smartphone,,4.2 ounces,B0D5CKLKP3,G53 Starlight,1 Lithium Polymer batteries required. (included),"4.6
584 ratings
4.6 out of 5 stars","#42,233 in Electronics (See Top 100 in Electronics)
#1,004 in Smartwatches","June 7, 2024",womens,HASAKEI,1.27 Inches,250 Milliamp Hours,Bluetooth,10.91 x 3.62 x 0.71 inches,,128 MB,,,,,,,,,,,,,,,,,,,,,,,,,,,
https://www.amazon.com/Fitpolo-Fitness-Activity-Trackers-Android/dp/B0C4DJNMP9/ref=zg_bs_g_7939901011_d_sccl_28/139-0075924-6532933?psc=1,"Fitpolo Smart Watch for Women Android & iPhone, Alexa Built-in [1.8"" HD Screen] IP68 Waterproof Fitness Watch with Bluetooth Call (Answer/Make), Heart Rate/Sleep/SpO2 Monitor, 105+ Sports Trackers",49.95,59.95,"Android 6.0 or above, iOS 9.0 or above","Work with Alexa, Bluetooth Call Make/Answer, IP68 Waterproof, Heart Rate/SpO2/Sleep/Stress Monitor, 105+ Sports Modes, Pedometer/Calories/Distance Record, Alarm Clock, Message Notific… See more",Bluetooth,Lithium Polymer,Square,1.8 Inches,,,,,4.1,No GPS,1 x 1 x 1 inches,38.2 Grams,B0C4DJNMP9,IDW13,1 Lithium Polymer batteries required. (included),"4.1
4,150 ratings
4.1 out of 5 stars","#2,211 in Electronics (See Top 100 in Electronics)
#46 in Smartwatches","July 30, 2023","Women, Men, Unisex Adults, Girls",Fitpolo,1.8 Inches,300 Milliamp Hours,Bluetooth,,China,64 MB,,,,,,,,,,,,,,,,,,,,,,,,,,,
https://www.amazon.com/TOZO-S5-Waterproof-Smartwatch-Silicone/dp/B07KY8MQGT/ref=zg_bs_g_7939901011_d_sccl_29/139-0075924-6532933?psc=1,"TOZO S5 Smart Watch (Answer/Make Calls), 1.43’’ AMOLED Smart Watches for Men Women 100+ Sport Modes Fitness Watch with Blood Oxygen/Sleep/Heart Rate Monitor, IP68 Waterproof Smartwatch",59.99,69.99,,Touch screen，Motion Mode Tracking,Wireless,Lithium,Round,1.43 Inches,TOZO,,,,4.3,No GPS,6.73 x 4.49 x 0.67 inches,0.3 Pounds,B07KY8MQGT,S5,1 Lithium Metal batteries required. (included),"4.3
1,701 ratings
4.3 out of 5 stars","#1,485 in Electronics (See Top 100 in Electronics)
#22 in Smartwatches","December 21, 2023",Mens,TOZO,1.43 Inches,300 Milliamp Hours,Bluetooth,,,128 MB,,,,,,,,,,,,,,,,,,,,,,,,,,,
https://www.amazon.com/Recorder-Calculator-Calendar-Flashlight-Pedometer/dp/B09KPCCTBH/ref=zg_bs_g_7939901011_d_sccl_30/139-0075924-6532933?psc=1,"Phyulls Smart Watch for Kids, Smart Watch Toys with 24 Games Camera Video Recorder Music Alarm Calculator Calendar Flashlight Stopwatch Pedometer Gift Toys for 3-12 Years Old Boys and Girls (Black)",32.99,59.99,,"Camera, Video, Music Player, Pedometer, Flashlight, Alarm Clock, Audio Recording, Calendaring, Calculator, Stopwatch, Games",USB,Lithium Ion,Rectangular,1.54 Inches,Phyulls,,,black,4.3,No GPS,9.25 x 1.38 x 0.51 inches,3.34 ounces,B09KPCCTBH,S16,1 Lithium Polymer batteries required. (included),"4.3
2,382 ratings
4.3 out of 5 stars","#1,910 in Electronics (See Top 100 in Electronics)
#34 in Smartwatches","November 15, 2021",boys,Phyulls,1.54 Inches,450 Milliamp Hours,900 MHz Radio Frequency,,China,512 MB,,,,USB,"Camera, Video, Music Player, Pedometer, Flashlight, Alarm Clock, Audio Recording, Calendaring, Calculator, Stopwatch, Games",,Wireless,Touchscreen,kids watch,0.1 Kilograms,,,,,480,,,,,,,,,,,,
https://www.amazon.com/Jacoosa-Message-Reminder-Activity-Trackers/dp/B0D4LXYHGQ/ref=zg_bs_g_7939901011_d_sccl_31/139-0075924-6532933?psc=1,"Smart Watch, 1.85"" HD Smartwatch for Men Women(Answer/Make Calls), Fitness Watch with 120+ Sport Modes, IP68 Waterproof, Heart Rate/Sleep Monitor, Activity Trackers for iOS/Android (Black)",34.99,99.99,"Smartwatch, Android 4.0+, iOS 9.0+","Bluetooth Call, Message Reminder, Health Monitoring, Fitness Tracker, stopwatch, alarm clock, find your phone, sedentary reminder, music control, weather forecast, don‘t disturb mode, brig… See more",Bluetooth,Lithium Polymer,Square,1.85 Inches,,,,,4.1,GPS Via Smartphone,,,B0D4LXYHGQ,L70,1 Lithium Polymer batteries required. (included),"4.1
171 ratings
4.1 out of 5 stars","#13,512 in Electronics (See Top 100 in Electronics)
#352 in Smartwatches","May 20, 2024",,Jacoosa,1.85 Inches,350 Amp Hours,Bluetooth,,,128 MB,,,,,,,,,,,128 MB,,,,,,,,,,,,,,,,
https://www.amazon.com/Smart-Watch-Women-Fitness-Tracker/dp/B0CZLMTPZD/ref=zg_bs_g_7939901011_d_sccl_32/139-0075924-6532933?psc=1,Smart Watch for Women Fitness Tracker: Gold Smart Watches for Women Digital Mens Watches Make/Answer Call Waterproof Running Smartwatch Android Phone iPhone Samsung Compatible Heart Rate Monitor,53.99,59.99,Android and ios,"Fitness Tracker, Phone Call, Sleep Monitor, Blood Oxygen (SpO2) Monitor, Heart Rate Monitor, Calorie Tracker, Alarm Clock, Stopwatch, Timer, Pedometer, Camera Control, Music Playback/Co… See more",,Lithium Polymer,,1.85 Inches,Boquaw,,Modern,Gold,4.1,,,4.2 ounces,B0CZLMTPZD,P90GDGD,1 Lithium Polymer batteries required. (included),"4.1
591 ratings
4.1 out of 5 stars","#1,919 in Electronics (See Top 100 in Electronics)
#33 in Smartwatches","April 1, 2024",mens,Boquaw,1.85 Inches,,Bluetooth,10.71 x 3.43 x 0.67 inches,,,,,,,,,,,,,,,,,,,Adult,Smartphone,,,,,,,,,
https://www.amazon.com/SAMSUNG-Bluetooth-Smartwatch-Personalized-Advanced/dp/B0C78ZR22C/ref=zg_bs_g_7939901011_d_sccl_33/139-0075924-6532933?psc=1,"SAMSUNG Galaxy Watch 6 40mm Bluetooth Smartwatch, Fitness Tracker, Personalized HR Zones, Advanced Sleep Coaching, Heart Monitor, BIA Sensor for Health Wellness Insights, Big Screen, US Version, Gold",199.99,299.99,Android,"Heart Rate, Body Fat, Breathable","Bluetooth, Wi-Fi",Lithium Ion,Round,40 Millimeters,SAMSUNG,,,Gold,4.5,True,,6.3 ounces,B0C78ZR22C,SM-R930NZEAXAA,1 Lithium Ion batteries required. (included),"4.5
5,227 ratings
4.5 out of 5 stars","#3,474 in Electronics (See Top 100 in Electronics)
#89 in Smartwatches","July 26, 2023",,SAMSUNG,40 Millimeters,,Bluetooth,11.5 x 2.32 x 1.22 inches,Vietnam,16000 MB,,Android,Bluetooth,"Bluetooth, Wi-Fi","Heart Rate, Body Fat, Breathable",,Wireless,Touchscreen,"Watch Strap, Galaxy Watch Charger, Watch Body",0.18 Kilograms,1500 MB,,,,,,,,,,,,,,,,
https://www.amazon.com/TORJALPH-Compatible-Samsung-Waterproof-Bluetooh/dp/B09TR2NNJS/ref=zg_bs_g_7939901011_d_sccl_34/139-0075924-6532933?psc=1,"Smart Watch for Men Women Compatible with iPhone Samsung Android Phone 1.69 inch Full Touch Screen IP68 Waterproof Bluetooh Fitness Tracker Heart Rate / Sleep Monitor, Black",18.99,20.99,Android,"Alarm Clock, Weather Forecast, Heart Rate Monitor, Oxymeter (SpO2), Music Player, Sleep Monitor, Pedometer, Activity Tracker, Blood Pressure Monitor, Email, Lightweight, Multisport Tracker, No… See more",Bluetooth,Lithium Polymer,Heart,1.69 Inches,TORJALPH,,Modern,black,4.1,,10.06 x 1.77 x 0.41 inches,0.09 Pounds,B09TR2NNJS,,1 Lithium Ion batteries required.,"4.1
1,192 ratings
4.1 out of 5 stars","#1,520 in Electronics (See Top 100 in Electronics)
#21 in Smartwatches","February 28, 2022",,TORJALPH,1.69 Inches,,Bluetooth,,,,,,,,,,,,,,,,,,,,,,,,,,,,,,
https://www.amazon.com/Fitpolo-Waterproof-Monitoring-Pedometer-Activity/dp/B07Y4PT2NH/ref=zg_bs_g_7939901011_d_sccl_35/139-0075924-6532933?psc=1,"Fitpolo Fitness Tracker with Heart Rate Monitor, Smart Watch 1.8 inches Color Touch Screen IP68 Waterproof Step Calorie Counter Sleep Monitoring Pedometer Watches Activity Tracker for Women Men Kids",39.99,49.99,"iOS, Android","Personalize watch faces,Alexa built-in,Bluetooth calls, Blood oxygen monitor",Wireless,Lithium Polymer,Square,1.3 Inches,,,,,4.0,GPS Via Smartphone,10.11 x 1.57 x 0.48 inches,1.34 Ounces,B07Y4PT2NH,IDW19,1 Lithium Polymer batteries required. (included),"4.0
12,892 ratings
4.0 out of 5 stars","#2,946 in Electronics (See Top 100 in Electronics)
#69 in Smartwatches","October 28, 2019",,Fitpolo,1.3 Inches,300 Milliamp Hours,Bluetooth,,China,128 MB,,,,,,,,,,,128 MB,,,,,,,,,,,,,,,,
https://www.amazon.com/Smartwatch-Fitness-Waterproof-Activity-Compatible/dp/B0CTK3TMW7/ref=zg_bs_g_7939901011_d_sccl_36/139-0075924-6532933?psc=1,"Smart Watch for Men Women,Alexa Built-in Smartwatch(Answer/Make Calls),1.83"" HD Fitness Tracker,IP68 Waterproof 100+ Sport Mode Activity Tracker,Heart Rate SpO2 Sleep Monitor,iOS Android Compatible",49.99,89.98,,"Cycle Tracking, Lightweight, Alarm Clock, Activity Tracker, Phone Call",Bluetooth,Lithium Polymer,Rectangular,1.83 Inches,Faweio,,,,4.1,GPS Via Smartphone,,0.07 Kilograms,B0CTK3TMW7,IDW26,1 Lithium Polymer batteries required. (included),"4.1
1,251 ratings
4.1 out of 5 stars","#3,585 in Electronics (See Top 100 in Electronics)
#94 in Smartwatches","January 30, 2024",,"Shenzhen DO Intelligent Technology Co., Ltd",1.83 Inches,300 Milliamp Hours,Bluetooth,5.63 x 3.58 x 0.75 inches,China,128 MB,,,,,,,,,,,,,,,,,,,,,,,,,,,
https://www.amazon.com/TOZO-S3-Bluetooth-Waterproof-Compatible/dp/B07KY8WQGF/ref=zg_bs_g_7939901011_d_sccl_37/139-0075924-6532933?psc=1,"TOZO 2024 New Upgraded Smart Watch for Men Women for iPhone ＆ Android, 1.83"" Fitness Tracker Bluetooth Call [Answer/Make], IP68 Waterproof with Heart Rate/SpO2/Sleep Monitor, 100+ Sport Modes",39.99,59.99,Android,Heart Rate Monitor,Bluetooth,Lithium,Rectangular,1.83 Inches,TOZO,TOZO S3 2024,,,4.2,,6.42 x 4.49 x 0.67 inches,4.8 ounces,B07KY8WQGF,S3 2024,1 Lithium Polymer batteries required. (included),"4.2
1,163 ratings
4.2 out of 5 stars","#4,276 in Electronics (See Top 100 in Electronics)
#115 in Smartwatches","August 29, 2023",mens,TOZO,1.83 Inches,300 Milliamp Hours,Bluetooth,,,,,,,,,,,,,,,,,,,,,,,,,,,,,,
https://www.amazon.com/JOYELE-Fitness-Tracker-Pedometer-Birthday/dp/B0CYTBR1C2/ref=zg_bs_g_7939901011_d_sccl_38/139-0075924-6532933?psc=1,"Smart Watch for Kids Teens, Games Fitness Tracker Boy Girls with 20 Sport Modes, Pedometer, Sleep Monitor, Kids Wrist Watch Birthday Gifts Toy Gift for Girls Boys 6-16 (Purple)",34.99,Check Page,Android 4.4+ and iOS 8.0+,"Touchscreen, Puzzle Games, Calls & Message Notifications, Activity Tracker, Alarm Clock & Timer & Stopwatch","Android 4.4 & above, iOS 8.0 & above",Lithium Polymer,Square,1.5 Inches,,,,,4.3,No GPS,,3.87 ounces,B0CYTBR1C2,H79,1 Lithium Polymer batteries required.,"4.3
280 ratings
4.3 out of 5 stars","#24,412 in Clothing, Shoes & Jewelry (See Top 100 in Clothing, Shoes & Jewelry)
#9 in Girls' Wrist Watches","March 22, 2024",girls,JOYELE,1.5 Inches,170 Milliamp Hours,Bluetooth,10.43 x 3.27 x 0.75 inches,China,128 MB,,,,,,,,,,,,,,,,,,,,,,,,,,,
https://www.amazon.com/Fitbit-Advanced-Smartwatch-Graphite-Included/dp/B0B4N2T7GL/ref=zg_bs_g_7939901011_d_sccl_39/139-0075924-6532933?psc=1,"Fitbit Sense 2 Advanced Health and Fitness Smartwatch with Tools to Manage Stress and Sleep, ECG App, SpO2, 24/7 Heart Rate and GPS, Shadow Grey/Graphite, One Size (S & L Bands Included)",233.95,299.95,ios,"Activity Tracker, Stress Tracking, Sleep Monitor, ECG, Heart Rate Monitor, GPS, Notifications, Phone Call, Text Messaging, Bluetooth",Bluetooth,Lithium Ion,Heart,1.69 Inches,,,,,4.2,Built-in GPS,,,,,,,,,,,,162 Milliamp Hours,Bluetooth,,,6400 MB,,,,,,,,,,,,,,,,,,,,,,,,,,,
https://www.amazon.com/AGPTEK-Waterproof-Smartwatch-Activity-Pedometer/dp/B08HMRY8NG/ref=zg_bs_g_7939901011_d_sccl_40/139-0075924-6532933?psc=1,"AGPTEK Smart Watch for Women, 5ATM Waterproof Smartwatch for Android and iOS Phones, Fitness Tracker Watch with 100+ Sports Modes, Heart Rate Monitor Pedometer Sleep Monitor, Pink",42.99,Check Page,iOS 12.0 or above; Android 6.0 or above,"Sleep Monitor, Activity Tracker, Calorie Tracker, Notifications, Heart Rate Monitor",Bluetooth,Lithium-Cobalt,Round,1.3 Inches,AGPTEK,,,,4.1,,9.84 x 1.81 x 0.39 inches,38 Grams,B08HMRY8NG,LW11,1 Lithium Polymer batteries required. (included),"4.1
56,809 ratings
4.1 out of 5 stars","#2,793 in Electronics (See Top 100 in Electronics)
#65 in Smartwatches","September 8, 2020",,AGPTEK,1.3 Inches,270 Milliamp Hours,Bluetooth,,,64 MB,,,,,,,,,,,,,,,,,,,,,,,,,,,
https://www.amazon.com/New-Apple-Watch-GPS-40mm/dp/B08KRN16GG/ref=zg_bs_g_7939901011_d_sccl_41/139-0075924-6532933?psc=1,"Apple Watch SE (GPS, 40mm) - Space Gray Aluminum Case with Black Sport Band (Renewed)",133.0,145.0,WatchOS,"Time Display, GPS, Sleep Monitor, Text Messaging, Voice Call, Phone Call, SOS Button, Wireless Charging, Notifications, Music Player, Multisport Tracker, Heart Rate Monitor, Fall Detection, C… See more",GPS,Lithium Ion,Apple,40 Millimeters,,,,Space Gray Aluminum Case,4.3,True,14 x 6 x 4 inches,1.1 ounces,B08KRN16GG,A2351,1 Lithium Ion batteries required. (included),"4.3
2,082 ratings
4.3 out of 5 stars","#127 in Amazon Renewed (See Top 100 in Amazon Renewed)
#15 in Renewed Smartwatches
#26 in Men's Smartwatches
#99 in Smartwatches","October 6, 2020",mens,Apple Computer,40 Millimeters,296,Bluetooth,,,32 GB,,WatchOS,"Bluetooth, Wi-Fi, NFC",GPS,"Time Display, GPS, Sleep Monitor, Text Messaging, Voice Call, Phone Call, SOS Button, Wireless Charging, Notifications, Music Player, Multisport Tracker, Heart Rate Monitor, Fall Detection, Contactless Payments, Calendaring, Breath Monitor, Audio Recording, Alarm Clock, Activity Tracker, Accelerometer",OLED,Wireless,Touchscreen,Charging Cable,1.1 Ounces,,,,,,,,,,,,,,,,,
https://www.amazon.com/Apple-Watch-Midnight-Aluminum-Sport/dp/B09NWDXS13/ref=zg_bs_g_7939901011_d_sccl_42/139-0075924-6532933?psc=1,"Apple Watch Series 7 (GPS, 45mm) Midnight Aluminum Case with Midnight Sport Band (Renewed)",189.0,193.76,WatchOS,"Activity Tracker, Heart Rate Monitor, Sleep Monitor, Blood Oxygen",Cellular,Lithium Ion,"Apple,Heart",45 Millimeters,Apple,"series 6,series 7",modern,,4.3,Built-in GPS,6 x 4 x 8 inches,4.48 ounces,B09NWDXS13,Apple Watch Series 7,1 Lithium Ion batteries required. (included),"4.3
1,984 ratings
4.3 out of 5 stars","#1,628 in Electronics (See Top 100 in Electronics)
#5 in Renewed Smartwatches
#7 in Men's Smartwatches
#24 in Smartwatches","December 20, 2021",mens,Apple Computer,45 Millimeters,,,,,,No,,,,,,,,,,,,,,,,,,,,,,,,,,
https://www.amazon.com/Smartwatch-Activity-Waterproof-Pedometer-Calories/dp/B0CYCFSX8B/ref=zg_bs_g_7939901011_d_sccl_43/139-0075924-6532933?psc=1,"Smart Watch for Women, 1.91""HD Smartwatch 2024 Fitness Activity Tracker(Answer/Make Call), 110+ Sport IP68 Waterproof, Heart Rate/Sleep Monitor/Pedometer/Calories, Fitness Watch for Android iOS, Pink",39.99,99.99,iOS/Android,"Full touch, support iOS 9.0 above/Android 4.4 above, heart rate, blood oxygen, step counting, stroke, sleep, alarm clock, sedentary reminder, remote control photography, music control, female men… See more",Bluetooth,Lithium Polymer,Square,1.91 Inches,uaue,,,,4.2,GPS Via Smartphone,,40 Grams,B0CYCFSX8B,T60,1 Lithium Polymer batteries required. (included),"4.2
2,140 ratings
4.2 out of 5 stars","#1,823 in Electronics (See Top 100 in Electronics)
#29 in Smartwatches","April 9, 2024",,uaue,1.91 Inches,300 Milliamp Hours,Bluetooth,6.89 x 3.74 x 0.75 inches,China,,,,,,,,,,,,,,,,,,,,,,,,,,,,
https://www.amazon.com/SAMSUNG-Smartwatch-Wellness-Tracking-Manufacturer/dp/B0D1YL96ND/ref=zg_bs_g_7939901011_d_sccl_44/139-0075924-6532933?psc=1,"SAMSUNG Galaxy Watch Ultra 47mm LTE AI Smartwatch w/Energy Score, Wellness Tips, Heart Rate Tracking, Sleep Monitor, Fitness Tracker, GPS, 2024,Titanium Gray [US Version, 1Yr Manufacturer Warranty]",589.99,649.99,,,,,,,,,,Titanium Gray,4.3,,,10.2 ounces,B0D1YL96ND,,,"4.3
294 ratings
4.3 out of 5 stars","#2,026 in Electronics (See Top 100 in Electronics)
#12 in Men's Smartwatches
#43 in Smartwatches","July 10, 2024",mens,SAMSUNG,,,,7.4 x 2.76 x 2.13 inches,,,,,,"Cellular, Bluetooth","Touchscreen, Lightweight",,Wireless,Touchscreen,"Watch Strap, Galaxy Watch Charger, Watch Body",,,,,,,,,,,,,,,,,,
https://www.amazon.com/Smartwatch-Fitness-Waterproof-Pedometer-Activity/dp/B0D2L4RNB1/ref=zg_bs_g_7939901011_d_sccl_45/139-0075924-6532933?psc=1,"Smart Watch, 1.91""Smartwatch for Men Women (Answer/Make Call), Fitness Tracker with 100+ Sport Modes, IP68 Waterproof, Heart Rate/Sleep Monitor, Spo2, Pedometer, Activity Tracker for Android iOS",39.99,99.99,,"1.91"" HD Color Screen, Voice Call, Activity Tracker, 100+ Sports Modes, IP68 Waterproof",Bluetooth,Lithium Ion,Square,1.91 Inches,Kuizil,Smart Watch,,,4.2,,,1.06 ounces,B0D2L4RNB1,T70,1 Lithium Polymer batteries required. (included),"4.2
4,171 ratings
4.2 out of 5 stars","#5,481 in Electronics (See Top 100 in Electronics)
#144 in Smartwatches","April 24, 2024",,Kuizil,1.91 Inches,300 Milliamp Hours,Bluetooth,6.85 x 3.74 x 0.87 inches,,1 GB,,,,,,,,,,,,,,,,,,,,,,,,,,,
https://www.amazon.com/CMF-Watch-Pro-Smartwatch-Monitoring/dp/B0D812KV92/ref=zg_bs_g_7939901011_d_sccl_46/139-0075924-6532933?psc=1,"CMF Watch Pro 2 Smartwatch for Men Women, Fitness Tracker with Heart Rate, SPO₂ Monitoring,120 Sports Model, Bluetooth Calls with AI Noise Reduction, IP68 Waterproof with GPS for Android iOS Ash Grey",69.0,79.0,Wear OS,"Activity Tracker, Alarm Clock, GPS, Notifications",Bluetooth,,Round,1.32 Inches,CMF BY NOTHING,CMF Watch Pro 2,Modern,,4.0,Built-in GPS,1.97 x 1.18 x 0.2 inches,48 Grams,B0D812N1MM,CMF Watch Pro 2,,"4.0
105 ratings
4.0 out of 5 stars","#5,530 in Electronics (See Top 100 in Electronics)
#147 in Smartwatches","June 25, 2024",mens,CMF BY NOTHING,1.32 Inches,,Bluetooth,,China,,,,,,,,,,,,,,,,,,,,,,,,,,,,
https://www.amazon.com/ZOSKVEE-Fitness-Tracker-Pressure-Monitor/dp/B0CJJMG4MT/ref=zg_bs_g_7939901011_d_sccl_47/139-0075924-6532933?psc=1,"Smart Watch for Women Men(Dial/Answer Calls), 2.0"" Fitness Tracker Watch with Heart Rate/Blood Pressure/Blood Oxygen Monitor for Android iOS",29.99,59.98,iOS 9.0 or Android 9.0 and above,"Make/Answer Call, AI Voice Control, 100+ Sports Modes, 2"" HD Larger Screen, Business Card, Smart Notifications, Elevated Heart Rate Measuring, Blood Pressure/Oxygen Measuring, etc.",Bluetooth,Lithium Polymer,Rectangular,2.01 Inches,ZOSKVEE,,Modern,Rose Gold+Pink,3.9,GPS Via Smartphone,11.81 x 7.48 x 1.18 inches,4.9 ounces,B0CJJMG4MT,P95,1 Lithium Polymer batteries required. (included),"3.9
4,242 ratings
3.9 out of 5 stars","#2,526 in Electronics (See Top 100 in Electronics)
#59 in Smartwatches","September 21, 2023",,ZOSKVEE,2.01 Inches,,Bluetooth,,China,,,iOS 9.0 or Android 9.0 and above,,Bluetooth,"Make/Answer Call, AI Voice Control, 100+ Sports Modes, 2"" HD Larger Screen, Business Card, Smart Notifications, Elevated Heart Rate Measuring, Blood Pressure/Oxygen Measuring, etc.",,Wireless,Touchscreen,,0.14 Kilograms,,,,,,,,,,,,,,,,,
https://www.amazon.com/Receive-Fitness-Tracking-Waterproof-Smartwatch/dp/B0BFQ5PK63/ref=zg_bs_g_7939901011_d_sccl_48/139-0075924-6532933?psc=1,"Smart Watch for Women Android & iPhone, Alexa Built-in, 1.8"" Touch Screen Fitness Tracker with Answer/Make Calls, IP68 Waterproof Heart Rate/Sleep/SpO2 Monitor, Pedometer, 100+ Sport Modes",59.99,79.99,android & ios,"(1) Fashionable full touch screen design with classic screen and HD glass screen (2) Adjustable grade silicone strap is healthy, skin-friendly and very comfortable to wear (3) Excellent smart watch: Bl… See more",Bluetooth,Lithium Polymer,Square,1.8 Inches,,,,,4.1,GPS Via Smartphone,,,B0BFQ5PK63,208BT,1 Lithium Ion batteries required. (included),"4.1
5,319 ratings
4.1 out of 5 stars","#4,005 in Electronics (See Top 100 in Electronics)
#103 in Smartwatches","September 19, 2022",,Tensky,1.8 Inches,300 Milliamp Hours,Bluetooth,,China,512 MB,,,,,,,,,,,,,,,,,,,,,,,,,,,
https://www.amazon.com/Smartwatch-Activity-Waterproof-Pedometer-Calories/dp/B0CYCFZZYF/ref=zg_bs_g_7939901011_d_sccl_49/139-0075924-6532933?psc=1,"Smart Watch for Men Women (Answer/Make Call), 1.91""HD Smartwatch 2024 Fitness Activity Tracker, 110+ Sports IP68 Waterproof, Heart Rate/Sleep Monitor/Pedometer/Calories, Fitness Watch for Android iOS",39.99,99.99,iOS/Android,"Full touch, support iOS 9.0 above/Android 4.4 above, heart rate, blood oxygen, step counting, stroke, sleep, alarm clock, sedentary reminder, remote control photography, music control, female men… See more",Bluetooth,Lithium Polymer,Square,1.91 Inches,uaue,,,,4.2,GPS Via Smartphone,,40 Grams,B0CYCFZZYF,T60,1 Lithium Polymer batteries required. (included),"4.2
2,140 ratings
4.2 out of 5 stars","#1,098 in Electronics (See Top 100 in Electronics)
#13 in Smartwatches","April 9, 2024",,uaue,1.91 Inches,300 Milliamp Hours,Bluetooth,6.93 x 3.74 x 0.75 inches,China,,,,,,,,,,,,,,,,,,,,,,,,,,,,
https://www.amazon.com/Apple-Watch-Ultra-Cellular-Titanium/dp/B0BX4XG53Z/ref=zg_bs_g_7939901011_d_sccl_50/139-0075924-6532933?psc=1,"Apple Watch Ultra [GPS + Cellular 49mm] Titanium Case with Midnight Ocean Band, One Size (Renewed)",,465.0,WatchOS,"Activity Tracker, Heart Rate Monitor, Sleep Monitor, GPS, Fall Detection, Distance Tracker, ECG, Oxymeter (SpO2), Cycle Tracking, Body Temperature Monitor, Phone Call, Notification, S… See more",USB,Lithium Ion,"Apple,Crown,Heart",1 Inches,Apple,Apple Watch Ultra,,Midnight,4.1,Built-in GPS,0.6 x 1.7 x 1.9 inches,5.3 ounces,B0BX4XG53Z,Watch Ultra,1 Lithium Ion batteries required.,"4.1
1,018 ratings
4.1 out of 5 stars","#98 in Amazon Renewed (See Top 100 in Amazon Renewed)
#11 in Renewed Smartwatches
#20 in Men's Smartwatches
#70 in Smartwatches","February 28, 2023",mens,Apple,1 Inches,,,,,32 GB,,WatchOS,Cellular,USB,"Activity Tracker, Heart Rate Monitor, Sleep Monitor, GPS, Fall Detection, Distance Tracker, ECG, Oxymeter (SpO2), Cycle Tracking, Body Temperature Monitor, Phone Call, Notification, SOS Button, Elevation Tracker, Accelerometer",,Wireless,"Touchscreen, Dial, Microphone, Buttons","1m Magnetic Charging Cable, Band, Case",,,,,,,,,,,,,,,,,,
https://www.amazon.com/SAMSUNG-Bluetooth-Smartwatch-Personalized-Advanced/dp/B0C797946T/ref=zg_bs_g_7939901011_d_sccl_1/139-0075924-6532933?psc=1,"SAMSUNG Galaxy Watch 6 44mm Bluetooth Smartwatch, Fitness Tracker, Personalized HR Zones, Advanced Sleep Coaching, Heart Monitor, BIA Sensor, Health Wellness Insights, Big Screen, US Version, Graphite",229.99,329.99,Android,"Skin Friendly, Body Fat, Breathable","Bluetooth, Wi-Fi",Lithium Ion,Round,44 Millimeters,SAMSUNG,,,Graphite,4.5,True,1.5 x 2.5 x 11 inches,1.17 ounces,B0C797946T,SM-R940NZKAXAA,1 Lithium Ion batteries required. (included),"4.5
5,227 ratings
4.5 out of 5 stars","#2,700 in Electronics (See Top 100 in Electronics)
#62 in Smartwatches","July 26, 2023",,SAMSUNG,44 Millimeters,,Bluetooth,,Vietnam,16000 MB,,Android,Bluetooth,"Bluetooth, Wi-Fi","Skin Friendly, Body Fat, Breathable",,Wireless,Touchscreen,"Watch Strap, Galaxy Watch Charger, Watch Body",33.3 Grams,1.5 GB,English,,,,,,,,,,,,,,,
https://www.amazon.com/RUIMEN-Watches-Compatible-Android-Waterproof/dp/B0C8CK2TRK/ref=zg_bs_g_7939901011_d_sccl_2/139-0075924-6532933?psc=1,"RUIMEN Smart Watches for Women Men (Answer/Make Calls) Compatible with iPhone/Android Phones, 1.85"" HD Screen Fitness Tracker Heart Rate Monitor 100+ Sports Tracker Watch Waterproof (Purple)",29.99,49.99,Compatible with iOS & Android,"100+ Sports Tracker, Make/Answer Calls, Personalized Watch Faces, Heart Rate Monitor, Blood Oxygen Monitor, IP68 Waterproof, Sleep Tracker, Call/Message Alerts, Alarm Clocks, Music Controller, Timer,… See more",Bluetooth,Lithium Polymer,Rectangular,1.85 Inches,RUIMEN,,,,4.0,,1.46 x 9.84 x 0.04 inches,0.1 Kilograms,B0C8CK2TRK,D1,1 Lithium Polymer batteries required. (included),"4.0
8,241 ratings
4.0 out of 5 stars","#3,315 in Electronics (See Top 100 in Electronics)
#82 in Smartwatches","June 30, 2023",Unisex-Adult,RUIMEN,1.85 Inches,300 Milliamp Hours,Bluetooth,,,128 MB,,,,,,,,,,,,English,,,,,,,,,,,,,,,
https://www.amazon.com/Fitbit-Advanced-Smartwatch-Management-Temperature/dp/B08DFCWVZ4/ref=zg_bs_g_7939901011_d_sccl_3/139-0075924-6532933?psc=1,"Fitbit Sense Advanced Smartwatch with Tools for Heart Health, Stress Management & Skin Temperature Trends, Carbon/Graphite, One Size (S & L Bands Included)",177.0,249.95,android,"Time Display, Alarm Clock,GPS,Notifications,Heart Rate Monitor,Sleep Monitor, ECG, Heart Rate Monitor, Stress Tracking","Bluetooth, gps",Lithium Ion,Heart,1.58 Inches,Fitbit,,,,4.3,True,,,,,,,,,,,,,Bluetooth,,,6400 MB,,,,,,,,,,,,,,,,,,,,,,,,,,,
https://www.amazon.com/Garmin-v%C3%ADvoactive-Fitness-Smartwatch-Display/dp/B0CG6NBJ61/ref=zg_bs_g_7939901011_d_sccl_4/139-0075924-6532933?psc=1,"Garmin vívoactive 5, Health and Fitness GPS Smartwatch, AMOLED Display, Up to 11 Days of Battery, Ivory",299.99,59.95,Android & iOS,"Touchscreen, Bluetooth","Bluetooth, Wi-Fi, USB",Lithium Polymer,Round,1.2 Inches,,,,Ivory,4.4,Built-in GPS,1.7 x 1.7 x 0.43 inches,1.3 ounces,B0CG6NBJ61,010-02862-11,1 Lithium Polymer batteries required. (included),"4.4
2,562 ratings
4.4 out of 5 stars","#2,217 in Electronics (See Top 100 in Electronics)
#46 in Smartwatches","September 20, 2023",mens,Garmin,1.2 Inches,4 Milliamp Hours,Bluetooth,,,4 GB,,Android & iOS,"Bluetooth, Wi-Fi","Bluetooth, Wi-Fi, USB","Touchscreen, Bluetooth",AMOLED,Wireless,"Touchscreen, Buttons","vívoactive 5, charging/data cable, documentation",1.3 Ounces,,,390 x 390,,,,,,,,,,,,,,
https://www.amazon.com/Pressure-Pedometer-Waterproof-Activity-Compatible/dp/B0D7ZTSMPV/ref=zg_bs_g_7939901011_d_sccl_5/139-0075924-6532933?psc=1,"Smart Watch, 1.47"" Health Fitness Tracker with 24/7 Heart Rate,Blood Pressure,Blood Oxygen Monitor,Sleep Tracker,Pedometer, IP68 Waterproof Activity Trackers Compatible with Android&iPhone Women Men",49.99,79.99,,"Blood Pressure Monitor, Calorie Consumption, Weather Forecast, Music/Camera Control, Activity Tracker, Calls and Messages Notification, step counter, Heart Rate Monitor, Sleep Tracker",Wireless,Lithium Ion,Rectangular,1.47 Inches,FFFITNES,,,,4.5,GPS Via Smartphone,10.24 x 3.15 x 0.67 inches,90 Grams,B0D7ZTSMPV,Band3,1 Lithium Metal batteries required. (included),"4.5
196 ratings
4.5 out of 5 stars","#1,077 in Electronics (See Top 100 in Electronics)
#9 in Activity & Fitness Trackers
#12 in Smartwatches","July 15, 2024",,FFFITNES,1.47 Inches,200 Milliamp Hours,Bluetooth,,,64 MB,,,,,,,,,,,64 MB,,,,,,,,,,,,,,,,
https://www.amazon.com/Smartwatches-Fitness-Tracker-Waterproof-Smartwatch/dp/B0D3YKPNKY/ref=zg_bs_g_7939901011_d_sccl_6/139-0075924-6532933?psc=1,"Smart Watch, 1.85""HD Smartwatches for Men Women, (Answer/Make Calls), Fitness Tracker with 100+ Sport Modes, IP68 Waterproof Fitness Watch, Heart Rate/Sleep Monitor, SpO2, Smartwatch for Android iOS",39.99,99.99,"android 4.4, iOS 9.0","Time Display, Activity Tracker, Shockproof, Music Player",Bluetooth,Lithium Polymer,Smart Watch,1.85 Inches,,,,,4.5,GPS Via Smartphone,,3.52 ounces,B0D3YKPNKY,L70,1 Lithium Polymer batteries required. (included),"4.5
283 ratings
4.5 out of 5 stars","#3,880 in Electronics (See Top 100 in Electronics)
#99 in Smartwatches","June 1, 2024",,QONBINK,1.85 Inches,350 Amp Hours,Bluetooth,6.5 x 3.35 x 0.87 inches,,128 MB,,,,,,,,,,,128 MB,,,,,,,,,,,,,,,,
https://www.amazon.com/Smart-Watches-Men-Waterproof-Bluetooth/dp/B0CZDFCZJS/ref=zg_bs_g_7939901011_d_sccl_7/139-0075924-6532933?psc=1,"Smart Watches for Men - 2.01'' HD Display, 80 Days Long Battery, IP68 Waterproof, Bluetooth Call, 100 Sport Modes Fitness Tracker Watch, Heart Rate/Blood Oxygen/Sleep Monitor Smart Watch for Android",49.99,59.99,Android&IOS,Activity Tracker,Wireless,Lithium Polymer,Square,2.01 Inches,EBXDW,Smart Watches for Men,Classic,Black,4.3,Location Capture,2.17 x 1.76 x 0.54 inches,0.247 ounces,B0CZDFCZJS,C20,1 Lithium Metal batteries required. (included),"4.3
1,548 ratings
4.3 out of 5 stars","#5,543 in Electronics (See Top 100 in Electronics)
#149 in Smartwatches","March 29, 2024",,EBXDW,2.01 Inches,,,,China,,,Android&IOS,Bluetooth,Wireless,Activity Tracker,,Wireless,"Touchscreen, Buttons",,7 Grams,,,,,,,,,,,,,,,,,
https://www.amazon.com/Military-Smartwatch-Pedometer-Calories-Waterproof/dp/B0CMX53HVW/ref=zg_bs_g_7939901011_d_sccl_8/139-0075924-6532933?psc=1,"Military Smart Watch for Men, 1.52"" HD Fitness Tracker Smartwatch with Answer/Make Call, Sport Watch with Heart Rate SpO2 Stress and Sleep Monitor Compatible with iPhone and Android Phones, Waterproof",39.99,99.99,"IOS, Android","Battery Capacity: 350Milliamp Hours, Fitness Tracker, Phone Call, Notifications, Sleep Monitor, Blood Oxygen Monitor, Heart Rate Monitor, Calorie Tracker, Alarm Clock, Stopwatch, Timer, Pedomete… See more",Bluetooth,Lithium Polymer,Round,1.52 Inches,Bvlrksc,S662024,,,4.5,,6.5 x 2.9 x 1 inches,3.84 ounces,B0CMX53HVW,S662024,1 Lithium Polymer batteries required. (included),"4.5
637 ratings
4.5 out of 5 stars","#2,555 in Electronics (See Top 100 in Electronics)
#60 in Smartwatches","November 8, 2023",,Bvlrksc,1.52 Inches,800 Milliamp Hours,Bluetooth,,,,,,,,,,,,,,,English,,,,,,,,,,,,,,,
https://www.amazon.com/Apple-Watch-Midnight-Aluminum-Always/dp/B0BDJBG74R/ref=zg_bs_g_7939901011_d_sccl_9/139-0075924-6532933?psc=1,"Apple Watch Series 8 [GPS 41mm] Smart Watch w/Midnight Aluminum Case with Midnight Sport Band - S/M. Fitness Tracker, Blood Oxygen & ECG Apps, Always-On Retina Display, Water Resistant",335.49,399.0,WatchOS,"Activity Tracker, Heart Rate Monitor, Sleep Monitor, Blood Oxygen",USB,Lithium Ion,Square,41 Millimeters,Apple,Apple Watch Series 8,,,4.7,Built-in GPS,,,,,,,,,,,,,,,,32 GB,,,,,,,,,,,,,,,,,,,,,,,,,,,
https://www.amazon.com/SAMSUNG-Bluetooth-Smartwatch-Personalized-Advanced/dp/B0CH2MVTW9/ref=zg_bs_g_7939901011_d_sccl_10/139-0075924-6532933?psc=1,"SAMSUNG Galaxy Watch 6 44mm Bluetooth Smartwatch w/ Fitness Tracker, Personalized HR Zones, Advanced Sleep Coaching, Heart Monitor, BIA Sensor, Biggest Screen, US Version, Graphite (Renewed)",,169.99,Android,"Skin Friendly, Body Fat, Breathable","Bluetooth, Wi-Fi",Lithium Ion,Round,44 Millimeters,SAMSUNG,Galaxy Watch 6,,,4.6,True,,3.52 ounces,B0CH2MVTW9,SB0204,1 Lithium Ion batteries required. (included),"4.6
233 ratings
4.6 out of 5 stars","#3,760 in Electronics (See Top 100 in Electronics)
#14 in Renewed Smartwatches
#98 in Smartwatches","September 1, 2023",,SAMSUNG,44 Millimeters,,Bluetooth,4.09 x 4.09 x 2.2 inches,,,,,,,,,,,,,,,,,,,,,,,,,,,,,
https://www.amazon.com/Choiknbo-Fitness-Tracker-SmartWatch-Waterproof/dp/B09Q5SSYFH/ref=zg_bs_g_7939901011_d_sccl_11/139-0075924-6532933?psc=1,"Smart Watch for Men Women SmartWatch 1.83"" for iPhone Samsung Android Phone Compatible, Fitness Tracker Watch with Pedometer, Heart Rate/Sleep Monitor, Blood Oxygen, IP68 Waterproof",18.99,99.99,,"Heart Rate Monitor, Blood Pressure Monitor, Oxymeter (SpO2), Sleep Monitor, Pedometer, Activity Tracker, Email, Lightweight, Multisport Tracker, Notifications, Phone Call, Sedentary Remain… See more",USB,Lithium Ion,Heart,1.83 Inches,Choiknbo,,,Black,4.1,True,17.5 x 15 x 3.9 inches,1.62 ounces,B09Q5SSYFH,,1 Lithium Polymer batteries required. (included),"4.1
1,979 ratings
4.1 out of 5 stars","#1,887 in Electronics (See Top 100 in Electronics)
#31 in Smartwatches","February 8, 2022","mens, womens",Choiknbo,1.83 Inches,230 Milliamp Hours,Bluetooth,,China,64 MB,,,,USB,"Heart Rate Monitor, Blood Pressure Monitor, Oxymeter (SpO2), Sleep Monitor, Pedometer, Activity Tracker, Email, Lightweight, Multisport Tracker, Notifications, Phone Call, Sedentary Remainder, Time Display, Touch Screen, Alarm Clock, Weather Forecast",LCD,Wireless,Touchscreen,5.1 Bluetooth,1.62 ounces,,,,,,,,,,,,,,,,,
https://www.amazon.com/SKG-Android-Smartwatch-Bluetooth-Waterproof/dp/B0BFWVTLGM/ref=zg_bs_g_7939901011_d_sccl_12/139-0075924-6532933?psc=1,"SKG Smart Watch for Men Women Android iPhone with Alexa Built-in & Bluetooth Call(Answer/Make Call) 1.69"" Fitness Tracker with IP68 Waterproof, 60+ Sports, Heart Rate SpO2 Monitor, V7 Pro",79.59,99.99,"Android 6 +, IOS 9.0+","Sedentary Reminder, Activity Tracker, Phone Call, Notifications, Heart Rate Monitor",Bluetooth,Lithium Polymer,Rectangular,1.69 Inches,SKG,,,V7 PRO Black,4.0,GPS Via Smartphone,1.77 x 1.5 x 0.46 inches,2.89 ounces,B0BFWVTLGM,V7 PRO,1 Lithium Polymer batteries required.,"4.0
3,811 ratings
4.0 out of 5 stars","#3,092 in Electronics (See Top 100 in Electronics)
#74 in Smartwatches","September 20, 2022",unisex-adult,SKG,1.69 Inches,300 Milliamp Hours,Bluetooth,,China,,,"Android 6 +, IOS 9.0+",Bluetooth,Bluetooth,"Sedentary Reminder, Activity Tracker, Phone Call, Notifications, Heart Rate Monitor",,Wireless,Touchscreen,"users manual * 1, magnetic charging cable * 1, smart watch * 1",0.18 Pounds,,,,,3.8 Volts,,,,,,,,,,,,
https://www.amazon.com/GRV-Android-Waterproof-Smartwatch-Calories/dp/B09J8SKX9G/ref=zg_bs_g_7939901011_d_sccl_13/139-0075924-6532933?psc=1,"GRV Smart Watch for iOS and Android Phones (Answer/Make Calls), Watches for Men Women IP68 Waterproof Smartwatch Fitness Tracker Watch with Heart Rate/Sleep Monitor Steps Calories Counter (Black)",29.99,39.99,Compatible with iOS and android smartphones,fitness tracker,Bluetooth,Lithium Ion,Square,1.83 Inches,GRV,,,,4.0,No GPS,9.84 x 1.38 x 0.67 inches,34 Grams,B09J8SKX9G,FC1,1 Lithium Metal batteries required. (included),"4.0
20,004 ratings
4.0 out of 5 stars","#2,484 in Electronics (See Top 100 in Electronics)
#56 in Smartwatches","October 13, 2021",,GRV,1.83 Inches,,Bluetooth,,China,128 MB,,,,,,,,,,,,English,,,,,,,,,,,,,,,
https://www.amazon.com/TOOBUR-Fitness-Tracker-Waterproof-Compatible/dp/B0C4GPPD1H/ref=zg_bs_g_7939901011_d_sccl_14/139-0075924-6532933?psc=1,"Smart Watch for Men Women Alexa Built-in, 1.95"" Fitness Tracker with Answer/Make Calls, IP68 Waterproof/Heart Rate/Sleep Tracker/100 Sports, Fitness Watch Compatible Android iOS",28.44,49.99,Android 6.0+ / iOS 9.0+,"Alexa Built-in, Compatible with Bluetooth Calls, iOS & Android Compatible, Notifications, Heart Rate, Sleep Tracker, Step Calorie Counter, Activity Tracker, 100 Sport Modes, IP68 Waterproof, Find… See more",Bluetooth,Lithium Polymer,Rectangular,1.95 Inches,TOOBUR,IDW16,,,4.1,GPS Via Smartphone,10.24 x 1.5 x 0.75 inches,0.22 Pounds,B0C4GPPD1H,IDW16,1 Lithium Metal batteries required. (included),"4.1
5,489 ratings
4.1 out of 5 stars","#3,417 in Electronics (See Top 100 in Electronics)
#86 in Smartwatches","May 6, 2023",,TOOBUR,1.95 Inches,,Bluetooth,,China,,,,,,,,,,,,,,,,,,,,,,,,,,,,
https://www.amazon.com/Fitpolo-Watches-Fitness-Bluetooth-Waterproof/dp/B0CPLT23TZ/ref=zg_bs_g_7939901011_d_sccl_15/139-0075924-6532933?psc=1,"Fitpolo Smart Watches for Men/Women, 1.8'' Alexa Built-in Fitness Tracker Watch with Bluetooth Calls, IP68 Waterproof, Heart Rate/Sleep/SpO2/Stress Monitor, 110 Sport Modes for Android & iPhone",49.76,77.94,"Android 6.0 or above, iOS 9.0 or above","Work with Alexa, Bluetooth Call Make/Answer, IP68 Waterproof, Heart Rate/SpO2/Sleep/Stress Monitor, 100 Sports Modes, Pedometer/Calories/Distance Record, Alarm Clock, Message No… See more",Bluetooth,Lithium Polymer,Square,1.8 Inches,,,,Black,4.1,GPS Via Smartphone,,0.176 ounces,B0CPLT23TZ,IDW208P,1 D batteries required. (included),"4.1
1,971 ratings
4.1 out of 5 stars","#4,377 in Electronics (See Top 100 in Electronics)
#116 in Smartwatches","December 6, 2023",womens,Fitpolo,1.8 Inches,300 Milliamp Hours,Bluetooth,,China,128 MB,,"Android 6.0 or above, iOS 9.0 or above",,Bluetooth,"Work with Alexa, Bluetooth Call Make/Answer, IP68 Waterproof, Heart Rate/SpO2/Sleep/Stress Monitor, 100 Sports Modes, Pedometer/Calories/Distance Record, Alarm Clock, Message Notification, Music Control and so on",,Wireless,Touchscreen,,5 Grams,128 MB,,,,,10.6 x 3.5 x 0.7 inches,,,,,,,,,,,
https://www.amazon.com/Smart-Watch-Men-Fitness-Tracker/dp/B0D4YFFBKW/ref=zg_bs_g_7939901011_d_sccl_16/139-0075924-6532933?psc=1,Smart Watch for Men Fitness Tracker: Military Smart Watches for Men Digital Mens Watches Make/Answer Call Running Waterproof Smartwatch Android Phones iPhone Samsung Compatible Heart Rate Monitor,59.99,99.0,Android and ios,"Fitness Tracker, Phone Call, Sleep Monitor, Blood Oxygen (SpO2) Monitor, Heart Rate Monitor, Calorie Tracker, Alarm Clock, Stopwatch, Timer, Pedometer, Camera Control, Music Playback/… See more",,Lithium Polymer,,1.91 Inches,Kimeag,,,Black,3.9,,,5.3 ounces,B0D4YFFBKW,H31,1 Lithium Polymer batteries required. (included),"3.9
324 ratings
3.9 out of 5 stars","#2,455 in Electronics (See Top 100 in Electronics)
#57 in Smartwatches","May 23, 2024",mens,Kimeag,1.91 Inches,,,11.34 x 3.58 x 0.75 inches,,,,Android and ios,Bluetooth,,"Fitness Tracker, Phone Call, Sleep Monitor, Blood Oxygen (SpO2) Monitor, Heart Rate Monitor, Calorie Tracker, Alarm Clock, Stopwatch, Timer, Pedometer, Camera Control, Music Playback/Control, Sedentary Reminder, Weather, Waterproof, Notifications., 1)Fashionable Full Touch Screen Design with classic screen and HD glass screen (color on-screen display) 2)Adjustable grade silicone strap is healthy, environmentally friendly, and very comfortable to wear. 3)Excellent hiking watches / outdoor watch 4）All-day activity tracker. (Distance / steps / calories) 5）fitness tracker (breathing training / blood oxygen / heart rate / sleep monitoring)",,,"Dial, Touchscreen",,,,,,,,,Adult,Smartphone,LCD,Metal,,,,,,,
https://www.amazon.com/Apple-Cellular-Smartwatch-Midnight-Aluminum/dp/B0CSV94WBT/ref=zg_bs_g_7939901011_d_sccl_17/139-0075924-6532933?psc=1,"Apple Watch Series 9 [GPS + Cellular 45mm] Smartwatch with Midnight Aluminum Case with Midnight Sport Loop. Fitness Tracker, ECG Apps, Always-On Retina Display, Carbon Neutral",569.0,Check Page,watchos,"Cycle Tracking, Activity Tracker, GPS, Voice Control, Heart Rate Monitor",Wi-Fi,Lithium Ion,Rectangular,45,Apple,Apple Watch Series 9 (GPS + Cellular),One Size - fits 145–220mm wrists,Midnight Aluminum Case with Midnight Sport Loop,4.6,,,,,,,,,,,,,,,,,,,,,,,,,,,,,,,,,,,,,,,,,,,,
https://www.amazon.com/Parsonver-Fitness-Waterproof-Monitor-Activity/dp/B0C815F81Q/ref=zg_bs_g_7939901011_d_sccl_18/139-0075924-6532933?psc=1,"Parsonver Smart Watch for Men Women(Answer/Make Calls), HD Screen Fitness Tracker IP68 Waterproof 100+ Sport Modes, Heart Rate Sleep Monitor, Pedometer, Smartwatch for Android Phones/iPhone Compatible",32.99,39.99,Compatible with iOS 9.0/Android 6.0 or above Smartphones,"Bluetooth 5.3 Call (Answer/Make Calls), SMS, Texts, and App notifications, 24-Hour Heart Rate, Blood Oxygen (SpO2), Sleep, Stress Health Guard, 100+ Sports Modes, IP68 Waterproof, 200+ Di… See more",Bluetooth,Lithium Ion,Round,1.32 Inches,,,,,4.1,GPS Via Smartphone,10.24 x 1.77 x 0.41 inches,40 Grams,B0C815F81Q,SR1,1 Lithium Polymer batteries required. (included),"4.1
2,720 ratings
4.1 out of 5 stars","#3,086 in Electronics (See Top 100 in Electronics)
#73 in Smartwatches","June 14, 2023",,Parsonver,1.32 Inches,250 Milliamp Hours,Bluetooth,,,128 MB,,,,,,,,,,,,,,,,,,,,,,,,,,,
https://www.amazon.com/Pok%C3%A9mon-Touchscreen-Interactive-Smart-Watch/dp/B08KSG7LX2/ref=zg_bs_g_7939901011_d_sccl_19/139-0075924-6532933?psc=1,"Accutime Kids Pokémon Pikachu Black Digital LED Quartz Wrist-Watch with Camera, Alarm, Timer, Stopwatch, and Games for Boys, Girls, and Toddlers",32.28,34.94,,,,,,,,,,,4.5,,8.5 x 1.57 x 0.47 inches; 1.4 ounces,1.4 ounces,B08KSG7LX2,POK4231AZ,1 Lithium Ion batteries required. (included),"4.5
2,441 ratings
4.5 out of 5 stars","#1,929 in Electronics (See Top 100 in Electronics)
#35 in Smartwatches","October 6, 2020",boys,Accutime Watch Corp.,,,,,China,,,,,,,,,,,,,,,,,,,,,,"May 1, 2024",Electronics,,,,,
https://www.amazon.com/Fitbit-Charge-Bundle-Protectors-Activity/dp/B0CN2B6FNQ/ref=zg_bs_g_7939901011_d_sccl_20/139-0075924-6532933?psc=1,"Fitbit Charge 6 Bundle - Fitbit Fitness Tracker Health Watch with 2 Screen Protectors, Extra Bands and Cloth - Fit Bit Smart Watches for Women & Men with Heart Rate Monitor, GPS and Activity Tracker",179.99,199.99,,Heart Rate Monitor,,,,1.34 Inches,Y&R Bundles,Fitbit Charge 6,Modern,,4.2,Gps enabled,,7 ounces,B0CN2B6FNQ,,,"4.2
175 ratings
4.2 out of 5 stars","#3,073 in Electronics (See Top 100 in Electronics)
#72 in Smartwatches","November 13, 2023",mens,Y&R Bundles,1.34 Inches,,Bluetooth,11.69 x 7.09 x 2.17 inches,Malaysia,,,,,,,,,,,,,,,,,,Adult,Smartphone,,,,,Unisex adult,,,,
https://www.amazon.com/Amazfit-Android-Fitness-Tracking-Waterproof/dp/B09H5TWSB3/ref=zg_bs_g_7939901011_d_sccl_21/139-0075924-6532933?psc=1,"Amazfit GTR 3 Smart Watch 46mm for Android iPhone, 21-Day Battery Life, Alexa Built-in, GPS, Fitness Tracker with 150+ Sports Modes, AMOLED Display, Heart Rate Sleep Health Tracker, Black",69.99,119.99,"iOS, Android","GPS, Heart Rate Monitor, Activity Tracker, Calorie Tracker, Breath Monitor, Stress Tracking, Blood Pressure Monitor, Sleep Monitor, Cycle Tracking, Alarm Clock, Elevation Tracker, Always On Display",GPS,Lithium Polymer,"Heart,Round",1.39 Inches,Amazfit,,,Thunder Black,4.2,GPS Enabled,1.8 x 1.8 x 0.42 inches,1.73 ounces,B09H5TWSB3,A1971-Black,1 Lithium Polymer batteries required. (included),"4.2
7,590 ratings
4.2 out of 5 stars","#25,364 in Electronics (See Top 100 in Electronics)
#639 in Smartwatches","October 11, 2021",Unisex Adult,Amazfit,1.39 Inches,,Bluetooth,,China,2300 MB,,"iOS, Android",Bluetooth,GPS,"GPS, Heart Rate Monitor, Activity Tracker, Calorie Tracker, Breath Monitor, Stress Tracking, Blood Pressure Monitor, Sleep Monitor, Cycle Tracking, Alarm Clock, Elevation Tracker, Always On Display",AMOLED,Wireless,Touchscreen,"Charging base, Instruction manual",49 Grams,,,,454 x 454,,,,,,,,,,Watch,,,
https://www.amazon.com/Smartwatch-Fitness-Waterproof-Activity-Compatible/dp/B0CTK41Y8X/ref=zg_bs_g_7939901011_d_sccl_22/139-0075924-6532933?psc=1,"Smart Watch for Men Women,Alexa Built-in Smartwatch(Answer/Make Calls),1.83"" HD Fitness Tracker,IP68 Waterproof 100+ Sport Mode Activity Tracker,Heart Rate SpO2 Sleep Monitor,iOS Android Compatible",49.99,Check Page,,"Lightweight, Cycle Tracking, Multisport Tracker, Daily Workout Memory, Activity Tracker",Bluetooth,Lithium Polymer,Rectangular,1.83 Inches,Faweio,,,,4.1,GPS Via Smartphone,,2.46 ounces,B0CTK41Y8X,IDW26,1 Lithium Polymer batteries required. (included),"4.1
1,251 ratings
4.1 out of 5 stars","#5,306 in Electronics (See Top 100 in Electronics)
#139 in Smartwatches","January 30, 2024",,"Shenzhen DO Intelligent Technology Co., Ltd",1.83 Inches,300 Milliamp Hours,Bluetooth,5.55 x 3.54 x 0.75 inches,China,128 MB,,,,,,,,,,,,,,,,,,,,,,,,,,,
https://www.amazon.com/Amazfit-Tracking-Measurement-Analysis-Customizable/dp/B09X1NN4YS/ref=zg_bs_g_7939901011_d_sccl_23/139-0075924-6532933?psc=1,"Amazfit Bip 3 Pro Smart Watch, Step Tracking, Heart Rate Monitor, Blood Oxygen Measurement, GPS, 14-Day Battery Life, Sleep Quality Analysis, Customizable Watch Faces (Black)",49.99,69.99,Amazfit OS,"Heart Rate Monitor, Water Resistant, Oxymeter (SpO2), Multisport Tracker, GPS, Sleep Monitor, Notifications, Music Player, Sedentary Reminder,… See more",Bluetooth,Lithium Ion,Square,1.69 Inches,Amazfit,,,Black,4.2,GPS Enabled,1.73 x 1.43 x 0.37 inches,1.17 ounces,B09X1NN4YS,A2171-Black,1 Lithium Ion batteries required. (included),"4.2
5,657 ratings
4.2 out of 5 stars","#1,939 in Electronics (See Top 100 in Electronics)
#36 in Smartwatches","June 15, 2022",unisex adult,Amazfit,1.69 Inches,,Bluetooth,,China,2300 MB,No,Amazfit OS,Bluetooth,Bluetooth,"Heart Rate Monitor, Water Resistant, Oxymeter (SpO2), Multisport Tracker, GPS, Sleep Monitor, Notifications, Music Player, Sedentary Reminder, Alarm Clock",,Wireless,Touchscreen,"User Manual, Magnetic Charging Cable, Smart Watch",1.17 ounces,,,,,,,,,,,,,,,,,
https://www.amazon.com/Apple-Watch-GPS-Cellular-44mm-Aluminum/dp/B08L5HKWFX/ref=zg_bs_g_7939901011_d_sccl_24/139-0075924-6532933?psc=1,"Apple Watch Series 6 (GPS + Cellular, 44mm) - Space Gray Aluminum Case with Black Sport Band (Renewed)",125.94,174.99,watchOS,"Time Display, Sleep Monitor, Text Messaging, GPS",Wi-Fi,Lithium Ion,Rectangular,44 Millimeters,Apple,,,,4.3,True,7 x 5 x 4 inches,4.6 ounces,B08L5HKWFX,A2294,1 Lithium Ion batteries required.,"4.3
9,498 ratings
4.3 out of 5 stars","#1,959 in Electronics (See Top 100 in Electronics)
#7 in Renewed Smartwatches
#11 in Men's Smartwatches
#36 in Smartwatches","October 13, 2020",mens,Apple Computer,44 Millimeters,,Bluetooth,,,32 GB,No,,,,,,,,,,,,,,,,,,,,,,,,,,
https://www.amazon.com/SAMSUNG-Bluetooth-Smartwatch-Wellness-Manufacturer/dp/B0D1YNVD88/ref=zg_bs_g_7939901011_d_sccl_25/139-0075924-6532933?psc=1,"SAMSUNG Galaxy Watch 7 40mm Bluetooth AI Smartwatch w/Energy Score, Wellness Tips, Heart Rate Tracking, Sleep Monitor, Fitness Tracker, 2024, Cream [US Version, 1Yr Manufacturer Warranty]",279.99,299.99,,,,,,,,,,Cream,4.3,,,5.9 ounces,B0D1YNVD88,,,"4.3
294 ratings
4.3 out of 5 stars","#2,310 in Electronics (See Top 100 in Electronics)
#52 in Smartwatches","July 10, 2024",,SAMSUNG,,,,11.5 x 2.36 x 1.26 inches,Vietnam,,,,,Bluetooth,"Touchscreen, Lightweight",,Wireless,,"Watch Strap, Galaxy Watch Charger, Watch Body",,,,,,,,,,,,,,,,,,
https://www.amazon.com/SKG-Android-Smartwatch-Bluetooth-Waterproof/dp/B0BFWVY9Q3/ref=zg_bs_g_7939901011_d_sccl_26/139-0075924-6532933?psc=1,"SKG Smart Watch for Men Women Android iPhone, with Alexa Built-in & Bluetooth Call(Answer/Make Call) 1.69"" Fitness Tracker with IP68 Waterproof, 60+ Sports, Heart Rate SpO2 Monitor, V7 Pro",79.59,99.99,"IOS 9.0+, Android 6 +","Sleep Monitor, Sedentary Reminder, Daily Workout Memory, Phone Call, Heart Rate Monitor",Bluetooth,Lithium Polymer,Rectangular,1.69 Inches,SKG,,,V7 PRO Pink,4.0,GPS Via Smartphone,1.77 x 1.5 x 0.46 inches,1.39 ounces,B0BFWVY9Q3,V7 PRO,1 Lithium Polymer batteries required.,"4.0
3,811 ratings
4.0 out of 5 stars","#5,356 in Electronics (See Top 100 in Electronics)
#139 in Smartwatches","September 20, 2022",unisex-adult,SKG,1.69 Inches,300 Milliamp Hours,Bluetooth,,China,,,"IOS 9.0+, Android 6 +",Bluetooth,Bluetooth,"Sleep Monitor, Sedentary Reminder, Daily Workout Memory, Phone Call, Heart Rate Monitor",,Wireless,Touchscreen,"users manual * 1, magnetic charging cable * 1, smart watch * 1",1.39 Ounces,,,,,3.8 Volts,,,,,,,,,,,,
https://www.amazon.com/Military-Watches-Fitness-Waterproof-Pressure/dp/B0D2VW7LVZ/ref=zg_bs_g_7939901011_d_sccl_27/139-0075924-6532933?psc=1,"Military Smart Watches for Men (Answer/Make Calls), 2.02'' Fitness Smart Watch for Android and iPhone, Waterproof Fitness Tracker with Blood Pressure/Heart Rate/Sleep/100+ Sport Modes, Watches for Men",34.99,49.99,android,"Multisport Tracker, Activity Tracker, Phone Call, Notifications, Heart Rate Monitor",Bluetooth,Lithium Polymer,Square,2.02 Inches,,,,,4.5,GPS Via Smartphone,,61.7 Grams,B0D2VW7LVZ,43mt,1 Lithium Polymer batteries required. (included),"4.5
270 ratings
4.5 out of 5 stars","#1,937 in Electronics (See Top 100 in Electronics)
#34 in Smartwatches","April 28, 2024",,DEKELIFE,2.02 Inches,450 Milliamp Hours,Bluetooth,8.66 x 3.74 x 0.75 inches,China,128 MB,,,,,,,,,,,128 MB,,,,,,,,,,,,,,,,
https://www.amazon.com/Watches-Smartwatch-Compatible-Pressure-Messages/dp/B0D2Q6X6TW/ref=zg_bs_g_7939901011_d_sccl_28/139-0075924-6532933?psc=1,"Smart Watches for Women,Fitness Tracker Smartwatch for Android Phones/iPhone Compatible,1.85"" Womens Watch with Blood Pressure Monitor,Calls and Messages/Heart Rate/Sleep/Female Cycle(3 Watch Bands)",49.99,99.99,android,"Multisport Tracker, Activity Tracker, Alarm Clock, Daily Workout Memory, Notifications",Bluetooth,Lithium Ion,Square,1.85 Inches,AKUMAKA,G39,Casual,Pink,4.5,,,7.8 ounces,B0D2Q6X6TW,,1 Lithium Ion batteries required. (included),"4.5
902 ratings
4.5 out of 5 stars","#710 in Electronics (See Top 100 in Electronics)
#8 in Smartwatches","May 15, 2024",,AKUMAKA,1.85 Inches,,,11.14 x 3.98 x 0.83 inches,China,,,,,,,,,,,,,,,,,,,,,,,,,,,,
https://www.amazon.com/Samsung-Classic-Smartwatch-Detection-Bluetooth/dp/B09JBC4SZB/ref=zg_bs_g_7939901011_d_sccl_29/139-0075924-6532933?psc=1,"Samsung Galaxy Watch 4 Classic 42mm Smartwatch with ECG Monitor Tracker for Health Fitness Running Sleep Cycles GPS Fall Detection Bluetooth US Version, Black (Renewed)",,79.97,Wear OS,"1.19"" Super AMOLED, Bluetooth & Wi-Fi Connectivity, Sweat-Resistant Construction, Durable Stainless Steel Construction",Bluetooth,Lithium Ion,Round,1.2 Inches,SAMSUNG,,,,4.3,True,7 x 4 x 5 inches,11.97 g,B09JBC4SZB,Galaxy Watch4 Classic,1 Lithium Ion batteries required.,"4.3
1,263 ratings
4.3 out of 5 stars","#5,683 in Electronics (See Top 100 in Electronics)
#25 in Renewed Smartwatches
#37 in Men's Smartwatches
#152 in Smartwatches","October 12, 2021",mens,Samsung Electronics,1.2 Inches,,Bluetooth,,USA,16 GB,,,,,,,,,,,,,,,,,,,,,,,,,,,
https://www.amazon.com/Apple-Watch-GPS-44mm-Aluminum/dp/B08KZYMNJC/ref=zg_bs_g_7939901011_d_sccl_30/139-0075924-6532933?psc=1,"Apple Watch Series 6 (GPS, 44mm) - Space Gray Aluminum Case with Black Sport Band (Renewed)",148.0,176.0,watchOS,"Time Display, Sleep Monitor, Text Messaging, GPS, Oxymeter (SpO2), ECG, Multisport Tracker, Music Player, Phone Call, Daily Workout Memory, Always On Display",GPS,Lithium Ion,Square,44 Millimeters,,,,Space Gray,4.3,True,7 x 4 x 5 inches,4.6 ounces,B08KZYMNJC,A2292,1 Lithium Ion batteries required. (included),"4.3
3,192 ratings
4.3 out of 5 stars","#79 in Amazon Renewed (See Top 100 in Amazon Renewed)
#10 in Renewed Smartwatches
#17 in Men's Smartwatches
#62 in Smartwatches","October 10, 2020",mens,Apple,44 Millimeters,303.8 Milliamp Hours,"5 GHz Radio Frequency, Bluetooth",,,32 GB,,watchOS,"Bluetooth, Wi-Fi, NFC",GPS,"Time Display, Sleep Monitor, Text Messaging, GPS, Oxymeter (SpO2), ECG, Multisport Tracker, Music Player, Phone Call, Daily Workout Memory, Always On Display",OLED,Wireless,Buttons,Apple Watch Charger,,,,,,,,,,,,,,,,,,
https://www.amazon.com/Fitness-Pedometer-Calories-Multiple-Waterproof/dp/B0BQR71778/ref=zg_bs_g_7939901011_d_sccl_81/139-0075924-6532933?psc=1,"Hwagol Smart Watch (Answer/Make Call)2024 Newest 1.85 Inch Fitness Tracker, Heart Rate/Sleep Monitor/Pedometer/Calories, Multiple Sport Modes, Smart Watches for Women Men Android iOS Phones Compatible",28.99,39.99,Android,"Activity tracking, Camera, Phone Call, Notifications, Music Player",Bluetooth,Lithium Polymer,Square,1.85 Inches,Hwagol,G28,,,3.9,,1.97 x 0.79 x 0.79 inches,95 Grams,B0BQR71778,G28,1 Lithium Polymer batteries required. (included),"3.9
5,731 ratings
3.9 out of 5 stars","#2,614 in Electronics (See Top 100 in Electronics)
#63 in Smartwatches","January 3, 2023",,Hwagol,1.85 Inches,,Bluetooth,,,4 GB,,,,,,,,,,,,,,,,,,,,,,,,,,,
https://www.amazon.com/Fitbit-Advanced-Smartwatch-Management-Temperature/dp/B08DFLG5SP/ref=zg_bs_g_7939901011_d_sccl_82/139-0075924-6532933?psc=1,"Fitbit Sense Advanced Smartwatch with Tools for Heart Health, Stress Management & Skin Temperature Trends, White/Gold, One Size (S & L Bands Included)",177.0,249.95,android,"Time Display, Sleep Monitor, ECG, Stress Tracking, GPS, Notifications, Heart Rate Monitor",Bluetooth,Lithium Ion,Heart,1.58 Inches,,,,,4.2,True,,,,,,,,,,,,266 Milliamp Hours,Bluetooth,,,6400 MB,,,,,,,,,,,,,,,,,,,,,,,,,,,
https://www.amazon.com/Apple-Smartwatch-Aluminum-Fitness-Tracker/dp/B0CHX7DCYV/ref=zg_bs_g_7939901011_d_sccl_83/139-0075924-6532933?psc=1,"Apple Watch Series 9 [GPS 45mm] Smartwatch with Pink Aluminum Case with Pink Sport Loop. Fitness Tracker, Blood Oxygen & ECG Apps, Always-On Retina Display, Carbon Neutral",429.0,Check Page,Watch OS,"Cycle Tracking, Activity Tracker, GPS, Voice Control, Heart Rate Monitor",Wi-Fi,Lithium Ion,Rectangular,45 Millimeters,Apple,Apple Watch Series 9,M/L - fits 145–220mm wrists,,4.7,Built-in GPS,,,,,,,,,,,,,,,,,,,,,,,,,,,,,,,,,,,,,,,,,,,
https://www.amazon.com/GRV-Android-Waterproof-Smartwatch-Calories/dp/B09J8T6TTH/ref=zg_bs_g_7939901011_d_sccl_84/139-0075924-6532933?psc=1,"GRV Smart Watch for iOS and Android Phones (Answer/Make Calls), Watches for Women IP68 Waterproof Smartwatch Fitness Tracker Watch with Heart Rate/Sleep Monitor Steps Calories Counter (Pink)",29.99,39.99,Compatible with iOS and android smartphones,fitness tracker,Bluetooth,Lithium Ion,Square,1.83 Inches,GRV,,,,4.0,No GPS,9.84 x 1.38 x 0.67 inches,34 Grams,B09J8T6TTH,FC1,1 Lithium Metal batteries required. (included),"4.0
20,004 ratings
4.0 out of 5 stars","#3,393 in Electronics (See Top 100 in Electronics)
#82 in Smartwatches","October 13, 2021",,GRV,1.83 Inches,,Bluetooth,,China,128 MB,,,,,,,,,,,128 MB,English,,,,,,,,,,,,,,,
https://www.amazon.com/TouchScreen-Pedometer-Audiostory-Educational-Birthday/dp/B0CGB4SFPT/ref=zg_bs_g_7939901011_d_sccl_85/139-0075924-6532933?psc=1,"Kids Smart Watch Girls Gift for Girls Aged 6-12, HD TouchScreen Kids Watch with 26 Games Video Camera Music Pedometer Audiostory Learn Card Educational Toys Birthday Gifts for Girls Ages 5 6 7 8 9",31.98,40.97,,Camera,USB,Lithium Polymer,Rectangular,1.54 Inches,Vakzovy,,Pink,Pink,4.3,,,1.76 ounces,B0CGB4SFPT,,1 Lithium Ion batteries required. (included),"4.3
699 ratings
4.3 out of 5 stars","#4,114 in Toys & Games (See Top 100 in Toys & Games)
#22 in Electronic Learning Systems",,,Vakzovy,,,,9.92 x 2.36 x 0.75 inches,,,,,,,,,,,,,,,,,,,Kid,,,,,,Unisex Children,,3 years and up,,
https://www.amazon.com/CARBINOX-Fitness-Waterproof-Compatible-Military/dp/B0CRHL8KHD/ref=zg_bs_g_7939901011_d_sccl_86/139-0075924-6532933?psc=1,"CARBINOX Vortex Smart Watch (Answer/Make Calls), Rugged Fitness Tracker IP69K Waterproof Compatible with Android and iOS Phone, 14 Days of Battery Military Durable with just 90 minutes of charging",169.95,189.9,,"Heart Rate, Stress level, Breathing Reminder, Activity Tracker, Steps Counter",Bluetooth,Lithium Ion,Square,43.5 Millimeters,CARBINOX,Vortex,Tactical,,4.2,,,9.5 ounces,B0CRHL8KHD,,1 Lithium Ion batteries required. (included),"4.2
403 ratings
4.2 out of 5 stars","#4,124 in Electronics (See Top 100 in Electronics)
#110 in Smartwatches","January 4, 2024",Unisex-Adult,Carbinox,43.5 Millimeters,380 Milliamp Hours,Bluetooth,4.76 x 4.13 x 2.36 inches,China,,,,,,,,,,,,,,,,,,,,,,,,,,,,
https://www.amazon.com/Fitpolo-Watches-Display-Fitness-Bluetooth/dp/B0CVVR6D2S/ref=zg_bs_g_7939901011_d_sccl_87/139-0075924-6532933?psc=1,"Fitpolo Smart Watches for Women, 1.99” Large AMOLED Display Fitness Tracker Watch with AI Voice, Bluetooth Call, Heart Rate/SpO2/Sleep/Stress Monitor, 12 Days Battery, 105 Sport Modes",79.95,99.95,"iOS 9.0 or above, Android 6.0 or above","Bluetooth Call Make/Answer, Message Notification, AI Voice Command, 3 ATM Waterproof, 12 Days Battery Life, 105 Sports Modes, Pedometer/Calories/Distance Record, Always-on-Displa… See more",Bluetooth,Lithium Polymer,Square,1.99 Inches,,,,Pink,4.3,GPS Via Smartphone,,3.04 ounces,B0CVVR6D2S,GTX12,1 Lithium Polymer batteries required. (included),"4.3
414 ratings
4.3 out of 5 stars","#10,073 in Electronics (See Top 100 in Electronics)
#259 in Smartwatches","May 20, 2024",,Fitpolo,1.99 Inches,350 Milliamp Hours,Bluetooth,11.1 x 3.54 x 0.75 inches,China,512 MB,,"iOS 9.0 or above, Android 6.0 or above",,Bluetooth,"Bluetooth Call Make/Answer, Message Notification, AI Voice Command, 3 ATM Waterproof, 12 Days Battery Life, 105 Sports Modes, Pedometer/Calories/Distance Record, Always-on-Display mode, Alarm Clock/Timer/Stop Watch/Games, Music Control and so on",,Wireless,Touchscreen,,3.04 ounces,512 MB,,,,350 Milliamp Hours,,,,,,,,,,,,
https://www.amazon.com/Fitbit-Advanced-Smartwatch-Platinum-Included/dp/B0B4N7LSM6/ref=zg_bs_g_7939901011_d_sccl_88/139-0075924-6532933?psc=1,"Fitbit Sense 2 Advanced Health and Fitness Smartwatch with Tools to Manage Stress and Sleep, ECG App, SpO2, 24/7 Heart Rate and GPS, Lunar White/Platinum, One Size (S & L Bands Included)",241.99,299.95,ios,"Sleep Monitor, Stress Tracking, ECG, Heart Rate Monitor, GPS, Activity Tracker, Water Resistant, Bluetooth Call and Message, Notifications, Alexa… See more",GPS,Lithium Ion,Heart,43 Millimeters,Fitbit,,,,4.2,Built-in GPS,,,,,,,,,,,,,Bluetooth,,,6 GB,,,,,,,,,,,,,,,,,,,,,,,,,,,
https://www.amazon.com/Fitpolo-Workouts-Waterproof-Activity-Smartwatches/dp/B0BZYTXDPN/ref=zg_bs_g_7939901011_d_sccl_89/139-0075924-6532933?psc=1,"Fitpolo Smart Watch for Men Women,1.8” Touchscreen, Bluetooth Call, Alexa Built-in,24/7 Heart Rate, SpO2 Monitor, Step Counting, Sleep Tracking,IP68 Waterproof Fitness Tracker Watch for Android iPhone",59.99,70.99,Android & iPhone compatible watch,"Color Touchscreen,Time Display,Oxymeter (SpO2),Phone Call,Custom Watch Face,GPS,100 Sport Modes,Heart Rate Monitor,Sleep Monitor,Pedometer,Activity Tracker,Calorie Track… See more",Bluetooth,Lithium Polymer,Square,45 Millimeters,,,,Black,4.0,GPS Via Smartphone,1 x 0.2 x 0.2 inches,1.4 ounces,B0BZYTXDPN,IDW15,1 Lithium Metal batteries required. (included),"4.0
414 ratings
4.0 out of 5 stars","#5,839 in Electronics (See Top 100 in Electronics)
#156 in Smartwatches","April 24, 2023",,Fitpolo,45 Millimeters,300 Milliamp Hours,Bluetooth,,China,128 MB,,Android & iPhone compatible watch,Bluetooth,Bluetooth,"Color Touchscreen,Time Display,Oxymeter (SpO2),Phone Call,Custom Watch Face,GPS,100 Sport Modes,Heart Rate Monitor,Sleep Monitor,Pedometer,Activity Tracker,Calorie Tracker,Stress Tracking,Daily Workout Memory,Weather Forecast,Sedentary Reminder,Cycle Tracking,Alarm Clock,Stopwatch,Timer",,Wireless,Touchscreen,"Fitpolo IDW15 smartwatch *1, Magnetic charging cable *1, User's guide *1",1.4 Ounces,64 MB,English,,,0.3 Amp Hours,,,,,,,,,,,,
https://www.amazon.com/2023-Pedometer-Calories-Multiple-Waterproof/dp/B0BQR6RYPJ/ref=zg_bs_g_7939901011_d_sccl_90/139-0075924-6532933?psc=1,"Hwagol Smart Watch (Answer/Make Call)2024 Newest 1.85 Inch Fitness Tracker, Heart Rate/Sleep Monitor/Pedometer/Calories, Multiple Sport Modes, Smart Watches for Men Women Android iOS Phones Compatible",28.99,39.99,Android,Activity tracking,Bluetooth,Lithium Polymer,Square,1.85,Hwagol,G28,,,3.9,,1.97 x 0.79 x 0.79 inches,95 Grams,B0BQR6RYPJ,G28,1 Lithium Polymer batteries required. (included),"3.9
5,731 ratings
3.9 out of 5 stars","#3,581 in Electronics (See Top 100 in Electronics)
#93 in Smartwatches","January 3, 2023",,Hwagol,1.85,,Bluetooth,,,4 GB,,,,,,,,,,,,,,,,,,,,,,,,,,,
https://www.amazon.com/Android-Waterproof-Activity-Bluetooth-Smartwatch/dp/B0D7PVLVSB/ref=zg_bs_g_7939901011_d_sccl_91/139-0075924-6532933?psc=1,"Smart Watch for Women Android & iPhone, Alexa Built-in, IP68 Waterproof Activity Fitness Tracker with Bluetooth Call (Answer/Make), 1.8"" Smartwatch with Heart Rate/SpO2/Sleep Monitor, 100+ Sports Mode",79.98,99.99,Android,"Voice Call, Sleep Monitor, Sleep Duration, Heart Rate Monitor, Blood Oxygen (SpO2), Cycle Tracking, Breath Monitor, Stress, Activity Tracker, Accelerometer, Custom Activity Tracking, Multisport Tracke… See more",Bluetooth,Lithium Polymer,Rectangular,1.8 Inches,,,,,4.3,GPS Via Smartphone,,3.52 ounces,B0D7PVLVSB,IDW19 Pink,1 Lithium Polymer batteries required. (included),"4.3
366 ratings
4.3 out of 5 stars","#2,305 in Electronics (See Top 100 in Electronics)
#51 in Smartwatches","June 21, 2024",,Gydom,1.8 Inches,300 Milliamp Hours,Bluetooth,11.77 x 3.82 x 0.91 inches,China,128 MB,,,,,,,,,,,128 MB,English,,,,,,,,,,,,,,,
https://www.amazon.com/IOWODO-Smart-Watch-Men-Women/dp/B0CQ7GBV5B/ref=zg_bs_g_7939901011_d_sccl_92/139-0075924-6532933?psc=1,"IOWODO Smart Watch for Men Women - 1.85''HD Screen with Make and Answer Calls, with AI Voice Assistant, SpO2/Heart Rate/Sleep Monitor, 100+ Sports Modes, Smartwatch for Android and iOS (2 Straps)",28.57,33.39,"Android,ios","Weather Forecast, Alarm Clock, Fitness Tracker, Sleep Monitor, Heart Rate Monitor, Calculator, Blood Oxygen (SpO2) Monitoring, Information Reminder, Pedometer, Sports Tracker, Bluetooth Calls,… See more",Bluetooth,Lithium Ion,Rectangular,1.85 Inches,IOWODO,,,,4.3,No GPS,,0.22 Pounds,B0CQ7GBV5B,R30 Pro,1 Lithium Ion batteries required. (included),"4.3
2,462 ratings
4.3 out of 5 stars","#3,091 in Electronics (See Top 100 in Electronics)
#72 in Smartwatches","December 14, 2023",unisex-adult,IOWODO,1.85 Inches,300 Milliamp Hours,Bluetooth,,China,,,,,,,,,,,,160 KB,,,,,0.04 x 0.04 x 0.04 inches,,,,,,,,,,,
https://www.amazon.com/SAMSUNG-Bluetooth-Smartwatch-Wellness-Manufacturer/dp/B0D1YQ3MML/ref=zg_bs_g_7939901011_d_sccl_93/139-0075924-6532933?psc=1,"SAMSUNG Galaxy Watch 7 44mm Bluetooth AI Smartwatch w/Energy Score, Wellness Tips, Heart Rate Tracking, Sleep Monitor, Fitness Tracker, 2024, Green [US Version, 1Yr Manufacturer Warranty]",307.99,329.99,,,,,,,,,,Green,4.3,,,6.3 ounces,B0D1YQ3MML,,,"4.3
294 ratings
4.3 out of 5 stars","#3,658 in Electronics (See Top 100 in Electronics)
#96 in Smartwatches","July 10, 2024",,SAMSUNG,,,,11.42 x 2.44 x 1.14 inches,,,,,,Bluetooth,"Touchscreen, Lightweight",,Wireless,,"Watch Strap, Galaxy Watch Charger, Watch Body",,,,,,,,,,,,,,,,,,
https://www.amazon.com/Garmin-Forerunner%C2%AE-Smartwatch-Advanced-Long-Lasting/dp/B09WTV6MMY/ref=zg_bs_g_7939901011_d_sccl_94/139-0075924-6532933?psc=1,"Garmin Forerunner® 255 Music, GPS Running Smartwatch with Music, Advanced Insights, Long-Lasting Battery, Black - 010-02641-20",335.0,399.99,Android & iOS,"Garmin Coach; Triathlon and Multisport Profiles; Wrist-Based Running Dynamics; Wrist-Based Running Power; Body Battery™ Energy Monitoring, Morning Report; HRV Status; Built-in Sports Ap… See more","Bluetooth, USB",Lithium Ion,Round,1.3 Inches,Garmin,,,,4.6,True,1.8 x 1.8 x 0.5 inches,1.7 Ounces,B09WTV6MMY,010-02641-20,1 Lithium Ion batteries required. (included),"4.6
919 ratings
4.6 out of 5 stars","#8,155 in Electronics (See Top 100 in Electronics)
#209 in Smartwatches","June 1, 2022",Unisex-Adult,Garmin,1.3 Inches,4 Milliamp Hours,,,,4 GB,,,,,,,,,,,,,,,,,,,,,,,,,,,
https://www.amazon.com/Apple-Watch-Ultra-Cellular-Titanium/dp/B0C7PJTHVM/ref=zg_bs_g_7939901011_d_sccl_95/139-0075924-6532933?psc=1,"Apple Watch Ultra [GPS + Cellular 49mm] Titanium Case with Midnight Ocean Band, One Size (Renewed Premium)",,499.95,,,,,,49 Millimeters,Apple,,,Midnight,4.6,True,,9.9 ounces,B0C7PJTHVM,MQET3LL/A,1 Lithium Ion batteries required. (included),"4.6
92 ratings
4.6 out of 5 stars","#4,249 in Electronics (See Top 100 in Electronics)
#30 in Men's Smartwatches
#113 in Smartwatches","June 11, 2023",mens,Apple,,,,8.54 x 4.69 x 1.85 inches,China,,,watchOS10,Cellular,GPS,GPS,,Wireless,Buttons,"Apple Watch Ultra, USB Data Cable",,,,,,,,,Smartphones,,,,,,,,Titanium,753575989446
https://www.amazon.com/Apple-Watch-Ultra-Cellular-49mm/dp/B0CTD9KQTB/ref=zg_bs_g_7939901011_d_sccl_96/139-0075924-6532933?psc=1,"Apple Watch Ultra 2 [GPS + Cellular, 49mm] - Titanium Case With White Ocean Band, One Size (Renewed)",,569.99,Ios,"Cycle Tracking, Activity Tracker, GPS, Voice Control, Heart Rate Monitor","Cellular, Wi-Fi",Lithium Ion,Rectangular,49 Millimeters,Apple,,,,4.1,,6 x 4 x 4 inches,7.4 ounces,B0CTD9KQTB,,1 Lithium Ion batteries required.,"4.1
113 ratings
4.1 out of 5 stars","#5,063 in Electronics (See Top 100 in Electronics)
#24 in Renewed Smartwatches
#62 in Electronics & Gadgets
#67 in Activity & Fitness Trackers","January 26, 2024",mens,Apple Computer,49 Millimeters,564 Amp Hours,"Bluetooth, 802.11bgn",,,32 GB,,,,,,,,,,,,,,,,,,,,,,,,,,,
https://www.amazon.com/Hvlgmrc-Military-Outdoor-Smartwatch-Compatible/dp/B0CLVHF93K/ref=zg_bs_g_7939901011_d_sccl_97/139-0075924-6532933?psc=1,"Military Smart Watch for Men 1.96 Inches Outdoor Sports Smartwatch with Answer/Make Call,Fitness Watch,Blood Oxygen,Heart Rate and Sleep Monitor Compatible with iPhone and Android Phones",39.99,79.98,Android,"Fitness Tracker, Phone Call, Sleep Monitor, Blood Oxygen (SpO2) Monitor, Heart Rate Monitor, Calorie Tracker, Alarm Clock, Stopwatch, Timer, Pedometer, Camera Control, Music Playback/Co… See more",Bluetooth,Lithium Polymer,Square,1.96 Inches,Hvlgmrc,P66,,,4.1,GPS Via Smartphone,2.8 x 6.2 x 0.95 inches,3.52 ounces,B0CLVHF93K,,1 Lithium Polymer batteries required. (included),"4.1
711 ratings
4.1 out of 5 stars","#3,120 in Electronics (See Top 100 in Electronics)
#74 in Smartwatches","October 26, 2023",,Hvlgmrc,1.96 Inches,,Bluetooth,,,,,,,,,,,,,,,,,,,,,,,,,,,,,,
https://www.amazon.com/Military-Waterproof-Fitness-Pressure-Smartwatch/dp/B0BYRMQ3NJ/ref=zg_bs_g_7939901011_d_sccl_98/139-0075924-6532933?psc=1,"Military Smart Watch for Men(Answer/Dial Calls),100 Sports Modes, 5ATM Waterproof Fitness Watch with Heart Rate/SpO2/Blood Pressure for Android and iOS,1.39''HD DIY Screen Smartwatch Black",55.99,99.99,Android/iOS,"Bluetooth calls, notifications, voice assistants,100 sport modes,stopwatch, health tracker, alarm clocks,timer,weather forecast, password lock, find watch & phone, calculator, collection… See more",Bluetooth,Lithium Polymer,Round,1.39 Inches,SUNKTA,BW1846A-1,,,4.1,,8.66 x 1.81 x 0.51 inches,70 Grams,B0BYRMQ3NJ,BW1846A-1,1 Lithium Metal batteries required. (included),"4.1
1,851 ratings
4.1 out of 5 stars","#3,250 in Electronics (See Top 100 in Electronics)
#77 in Smartwatches","March 17, 2023",,SUNKTA,1.39 Inches,,Bluetooth,,China,128 MB,,,,,,,,,,,128 MB,,,,,,,,,,,,,,,,
https://www.amazon.com/New-Apple-Watch-GPS-40mm/dp/B08KJ32SFZ/ref=zg_bs_g_7939901011_d_sccl_99/139-0075924-6532933?psc=1,"Apple Watch SE (GPS, 40mm) - Gold Aluminum Case with Pink Sand Sport Band (Renewed)",119.0,146.0,WatchOS,"Time Display, Sleep Monitor, Text Messaging, GPS",GPS,Lithium Ion,Square,40 Millimeters,Apple,MYDN2LL/A,,Gold Aluminum Case,4.4,True,7 x 4 x 5 inches,1.08 ounces,B08KJ32SFZ,A2351,1 Lithium Ion batteries required. (included),"4.4
1,292 ratings
4.4 out of 5 stars","#60 in Amazon Renewed (See Top 100 in Amazon Renewed)
#7 in Renewed Smartwatches
#11 in Men's Smartwatches
#40 in Smartwatches","October 2, 2020",mens,Apple Computer,40 Millimeters,,Bluetooth,,,,,WatchOS,"Bluetooth, Wi-Fi, NFC",GPS,"Time Display, Sleep Monitor, Text Messaging, GPS",OLED,Wireless,"Dial, Touchscreen, Microphone",Generic Wall Charger,1.08 Ounces,,,,,,,,,,,,,,,,,
https://www.amazon.com/AOLON-Curve-Fitness-Tracker-Waterproof/dp/B0DB1TKQPF/ref=zg_bs_g_7939901011_d_sccl_100/139-0075924-6532933?psc=1,"Curve Smart Watch for Men Women (Answer/Make Call), 2.01"" Fitness Tracker with 120+ Sport Modes Heart Rate Sleep Blood Oxygen Monitor, IP68 Waterproof Fitness Watch for Android iOS, Black",20.99,99.99,"Android 6.0 or Above, iOS 9.0 or Above","Multisport Tracker, Weather Forecast, Activity Tracker, Alarm Clock, Notifications",Bluetooth,Lithium Ion,Square,2.01 Inches,,,,,3.6,No GPS,,4.2 ounces,B0DB1TKQPF,Aolon Curve,1 Lithium Ion batteries required. (included),"3.6
21 ratings
3.6 out of 5 stars","#71,795 in Electronics (See Top 100 in Electronics)
#1,497 in Smartwatches","July 24, 2024",,AOLON,2.01 Inches,300 Milliamp Hours,Bluetooth,6.34 x 3.86 x 0.94 inches,,640 MB,,,,,,,,,,,,,,,,,,,,,,,,,,,
