ID Info,,ASIN,URL,title,title_short,date_released,Maker Info,Brand,manufacturer,Model Name,item_model,cntry_of_origin,Is Discontinued By Manufacturer,Monetary Info,price_actual,price_list,Hardware,Operating System,OS,Connectivity Technology,Wireless Communication Standard,GPS,Wireless communication technologies,Display technology,Other display features,Human Interface Input,memory_capacity,memory_capacity_2,memory_capacity_mb,Battery,Battery Cell Composition,battery_type,battery_num,battery_capac,Battery Life,Physical Features,Style,Shape,Screen Size,Starting Units of Measurement,scrn_size_inch,Color,Product Dimensions,Item Weight,raw_wght_units,weight_in_oz,"Info about Listing (ie. Review info, ratings, etc.)",rvw_avg,Customer Reviews,cutomer_reviews_1,cutomer_reviews_2,cutomer_reviews_3,num_of_ratings,Best Sellers Rank,,Special Feature,See More?
,68,,https://www.amazon.com/Baaletc-Compatible-Inspire-Wristband-Bracelets/dp/B0C85HK9WG/ref=zg_bs_g_5393958011_d_sccl_3/145-0980347-9463126?psc=1,"Baaletc Compatible with Fitbit Inspire 3 Bands for Men Women, Soft Silicone Sport Wristband Strap Band Bracelets for Inspire 3, Small Large",Baaletc_Compatible_with_F,,,,,,,,,,$6.96,Check Page,,,,,,,,,,,,,,,,,,,,,,,,,,,,,,,,4.1,,,,,#VALUE!,,,,FALSE
,7,B07H2XNZ3T,https://www.amazon.com/Hamile-Compatible-Waterproof-Replacement-Wristband/dp/B07H2XNZ3T/ref=zg_bs_g_5393958011_d_sccl_21/145-0980347-9463126?psc=1,"Hamile Bands Compatible with Fitbit Charge 4 / Fitbit Charge 3 / Fitbit Charge 3 SE, Waterproof Replacement Watch Strap Fitness Sport Band Wristband for Women Men, Large, Black",Hamile_Bands_Compatible_w,9/4/2018,,Hamile,Hamile,,Charge3-Lingxing-L-Heise,,No,,$6.99,Check Page,,,,,,,,,Wireless,Buttons,,,,,,,,,,,Classic,Rectangular,1.3,in,1.3,1-Black,5 x 5 x 0.7 inches,0.528,ozm,0.528,,4.5,"4.5
8,625 ratings
4.5 out of 5 stars",4.5,"8,625 ratings",4.5 out of 5 stars,8625,"#18,388 in Sports & Outdoors (See Top 100 in Sports & Outdoors)
#98 in Activity & Fitness Trackers",,"Waterproof, Durable",FALSE
,10,B074M32SY4,https://www.amazon.com/GEAK-Fitbit-Bands-Replacement-3Pack/dp/B074M32SY4/ref=zg_bs_g_5393958011_d_sccl_12/145-0980347-9463126?psc=1,"GEAK Bands Compatible with Fitbit Alta and Fitbit Alta HR, 3 Pack Soft Silicone Wristbands for Fitbit Alta HR Bands with Secure Metal Buckle for Men Women,Small Large",GEAK_Bands_Compatible_wit,8/6/2017,,GEAK,,,,,,,$6.99,Check Page,,,,,Bluetooth,,,,,,,,,,,,,,,,freestyle,Rectangular,6.7,in,6.7,Black/Gray/Dark Blue,,,,,,4.5,"4.5
1,113 ratings
4.5 out of 5 stars",4.5,"1,113 ratings",4.5 out of 5 stars,1113,"#15,471 in Sports & Outdoors (See Top 100 in Sports & Outdoors)
#86 in Activity & Fitness Trackers",,Durable,FALSE
,46,,https://www.amazon.com/AK-Compatible-Replacement-Wristbands-Starlight/dp/B0CH121L3C/ref=zg_bs_g_5393958011_d_sccl_25/145-0980347-9463126?psc=1,"AK Sport Band Compatible with Fitbit Luxe Bands for Women Men, Soft Silicone Replacement Sport Straps Wristbands for Fitbit Luxe Fitness and Wellness Tracker",AK_Sport_Band_Compatible_,,,,,,,,,,$6.99,Check Page,,,,,,,,,,,,,,,,,,,,,,,,,,,,,,,,4.1,,,,,#VALUE!,,,,FALSE
,51,,https://www.amazon.com/Replacement-Compatible-Silicone-Fitness-Wristbands/dp/B08GH776QR/ref=zg_bs_g_5393958011_d_sccl_33/145-0980347-9463126?psc=1,"Replacement Bands Compatible with Fitbit Charge 4 / Fitbit Charge 3 Bands for Women Men, Silicone Fitness Sport Wristbands for Women Men Small Large",Replacement_Bands_Compati,,,,,,,,,,$6.99,Check Page,,,,,,,,,,,,,,,,,,,,,,,,,,,,,,,,4,,,,,#VALUE!,,,,FALSE
,73,,https://www.amazon.com/AK-Compatible-Replacement-Wristbands-Advanced/dp/B0CPJ74QVR/ref=zg_bs_g_5393958011_d_sccl_13/145-0980347-9463126?psc=1,"AK Sport Band Compatible with Fitbit Charge 6 Bands/Fitbit Charge 5 Bands Women Men, Classic Soft Replacement Straps Wristbands for Fitbit Charge 6/5 Advanced Fitness & Health Tracker",AK_Sport_Band_Compatible_,,,,,,,,,,$6.99,Check Page,,,,,,,,,,,,,,,,,,,,,,,,,,,,,,,,4.1,,,,,#VALUE!,,,,FALSE
,91,B0CDLLMJV7,https://www.amazon.com/Maledan-Compatible-Waterproof-Replacement-Wristbands/dp/B0CDLLMJV7/ref=zg_bs_g_5393958011_d_sccl_89/145-0980347-9463126?psc=1,"Maledan Compatible with Fitbit Charge 5 Bands/Charge 6 Bands Women Men, Soft Waterproof Replacement Strap Sport Wristbands for Fitbit Charge 5/Charge 6 Fitness Tracker, Large, Black",Maledan_Compatible_with_F,8/3/2023,,,Sanmuyin Maoyi Youxiangongsi,,,,,,$6.99,$14.98,,,,,,Built-in GPS,,,CE,Buttons,,,,,,,,,,,,,,,,Black,,0.317,ozm,0.317,,4.2,"4.2
145 ratings
4.2 out of 5 stars",4.2,145 ratings,4.2 out of 5 stars,145,"#23,169 in Sports & Outdoors (See Top 100 in Sports & Outdoors)
#113 in Activity & Fitness Trackers",,,FALSE
,53,B088K7DCRZ,https://www.amazon.com/Compatible-Fitbit-Classic-Special-Replacement/dp/B088K7DCRZ/ref=zg_bs_g_5393958011_d_sccl_35/145-0980347-9463126?psc=1,"3 Pack Bands Compatible with Fitbit Charge 2, Classic & Special Edition Replacement Bands for Fitbit Charge 2, Women Men",3_Pack_Bands_Compatible_w,5/13/2020,,,OYODSS,,,,,,$7.98,Check Page,,,,,,,,,,,,,,,,,,,,,,,,,,,,2.08,ozm,2.08,,4.6,"4.6
6,496 ratings
4.6 out of 5 stars",4.6,"6,496 ratings",4.6 out of 5 stars,6496,"#6,149 in Sports & Outdoors (See Top 100 in Sports & Outdoors)
#47 in Activity & Fitness Trackers",,,FALSE
,32,B07T4JNW2P,https://www.amazon.com/Compatible-Inspire-Wristbands-Waterproof-Fitness/dp/B07T4JNW2P/ref=zg_bs_g_5393958011_d_sccl_6/145-0980347-9463126?psc=1,"[3 Pack] Soft TPU Bands Compatible with Fitbit Inspire 2 / Fitbit Inspire HR/Fitbit Inspire/Fitbit Ace 2 Wristbands Sports Waterproof Straps for Fitbit Inspire HR (01 Rose Gold/Gold/Silver, Small)",[3_Pack]_Soft_TPU_Bands_C,6/14/2019,,,AK,,AK116951KA,,,,$7.99,Check Page,,,,,,,,,,,,,,,,,,,,,,,,,,,,1.13,ozm,1.13,,4.3,"4.3
8,084 ratings
4.3 out of 5 stars",4.3,"8,084 ratings",4.3 out of 5 stars,8084,"#15,240 in Sports & Outdoors (See Top 100 in Sports & Outdoors)
#88 in Activity & Fitness Trackers",,,FALSE
,81,B07K7RVKNM,https://www.amazon.com/Maledan-Compatible-Replacement-Accessories-Breathable/dp/B07K7RVKNM/ref=zg_bs_g_5393958011_d_sccl_26/145-0980347-9463126?psc=1,"Maledan Bands Compatible with Fitbit Charge 3/ Charge 4 Women Men, Breathable Sport Band Replacement Wristbands with Air Holes for Charge 4/ Charge 3/ Charge 3 SE Fitness Tracker, 3-Pack",Maledan_Bands_Compatible_,11/6/2018,,,,,,,,,$7.99,$2.66,,,,,,,,,,,,,,,,,,,,,,,,,,,,,,,,4.6,"4.6
8,497 ratings
4.6 out of 5 stars",4.6,"8,497 ratings",4.6 out of 5 stars,8497,"#21,285 in Sports & Outdoors (See Top 100 in Sports & Outdoors)
#107 in Activity & Fitness Trackers",,,FALSE
,93,B07VJXBYKW,https://www.amazon.com/scarDS-Replacement-ID115PlusHR-Pedometer-Wristbands/dp/B07VJXBYKW/ref=zg_bs_g_5393958011_d_sccl_91/145-0980347-9463126?psc=1,"Replacement Bands for Fitness Tracker ID115Plus HR, Pedometer Wristbands, Very Fit Pro Watch Band Replacement for Activity Tracker Straps, ONLY for ID115 Plus, ID115 PlusHR, ID130 Plus HR",Replacement_Bands_for_Fit,7/18/2019,,,,,,,,,$7.99,$4.00,,,,,,,,,,,,,,,,,,,,,,,,,,,,,,,,4.2,"4.2
350 ratings
4.2 out of 5 stars",4.2,350 ratings,4.2 out of 5 stars,350,"#25,360 in Sports & Outdoors (See Top 100 in Sports & Outdoors)
#121 in Activity & Fitness Trackers
#250 in Electronics & Gadgets",,,FALSE
,59,B09XQYWXN1,https://www.amazon.com/Silicone-Wristband-Replacement-Special-Fitness/dp/B09XQYWXN1/ref=zg_bs_g_5393958011_d_sccl_41/145-0980347-9463126?psc=1,"4 Pack Bands for Fitbit Luxe Bands, Soft Silicone Wristband Replacement Strap for Fitbit Luxe/Luxe Special Edition Fitness Tracker Women Men (Small, Gold/Rose Gold/Wine Red/Navy Blue)",4_Pack_Bands_for_Fitbit_L,4/12/2022,,,Amzpas,,,,,,$8.99,Check Page,,,,,,,,,Wireless,,,,,,,,,,,,,,,,,Gold/Rose Gold/Wine Red/Navy Blue,,1.44,ozm,1.44,,4.4,"4.4
967 ratings
4.4 out of 5 stars",4.4,967 ratings,4.4 out of 5 stars,967,"#5,870 in Sports & Outdoors (See Top 100 in Sports & Outdoors)
#44 in Activity & Fitness Trackers",,,FALSE
,62,B088RFL4P8,https://www.amazon.com/ZURURU-Veryfitpro-ID115Plus-Replacement-Veryfit/dp/B088RFL4P8/ref=zg_bs_g_5393958011_d_sccl_46/145-0980347-9463126?psc=1,ZURURU Veryfitpro ID115Plus HR Replacement Bands for Veryfit Pro ID115Plus HR Fitness Tracker Smart Watch,ZURURU_Veryfitpro_ID115Pl,9/6/2019,,,,,,,,,$8.99,$9.99,,,,,,,,,,,,,,,,,,,,,,,,,,,,,,,,4.6,"4.6
6,778 ratings
4.6 out of 5 stars",4.6,"6,778 ratings",4.6 out of 5 stars,6778,"#6,658 in Sports & Outdoors (See Top 100 in Sports & Outdoors)
#48 in Activity & Fitness Trackers",,,FALSE
,94,,https://www.amazon.com/ZURURU-Replacement-Band-Fitness-Tracker/dp/B08237CL4B/ref=zg_bs_g_5393958011_d_sccl_92/145-0980347-9463126?psc=1,ZURURU Replacement Bands Y39 Fitness Tracker,ZURURU_Replacement_Bands_,,,,,,,,,,$8.99,Check Page,,,,,,,,,,,,,,,,,,,,,,,,,,,,,,,,4.5,,,,,#VALUE!,,,,FALSE
,65,,https://www.amazon.com/Fitbit-Adjustable-Stainless-Wristbands-Replacement/dp/B0B4W67S51/ref=zg_bs_g_5393958011_d_sccl_49/145-0980347-9463126?psc=1,"Metal Mesh Loop Bands for Fitbit Charge 5/Charge 6 Band for Women Men, Adjustable Stainless Steel Wristbands Replacement Straps for Charge 5/6 Activity Tracker",Metal_Mesh_Loop_Bands_for,,,,,,,,,,$9.98,Check Page,,,,,,,,,,,,,,,,,,,,,,,,,,,,,,,,3.7,,,,,#VALUE!,,,,FALSE
,50,,https://www.amazon.com/Vanjua-Compatible-Stainless-Adjustable-Replacement/dp/B09NW29VXJ/ref=zg_bs_g_5393958011_d_sccl_32/145-0980347-9463126?psc=1,"Vanjua Metal Band Compatible with Fitbit Luxe Bands, Stainless Steel Mesh Loop Adjustable Wristband Replacement Strap for Fitbit Luxe/Luxe Special Edition Fitness Tracker Women Men",Vanjua_Metal_Band_Compati,,,,,,,,,,$9.99,Check Page,,,,,,,,,,,,,,,,,,,,,,,,,,,,,,,,4.3,,,,,#VALUE!,,,,FALSE
,60,B09P89S4L4,https://www.amazon.com/Maledan-Compatible-Adjustable-Replacement-Wristbands/dp/B09P89S4L4/ref=zg_bs_g_5393958011_d_sccl_42/145-0980347-9463126?psc=1,"Maledan Slim Band Compatible with Fitbit Charge 5 Bands/Charge 6 Bands Women Men, Soft Silicone Adjustable Sport Band Wristbands for Fitbit Charge 5/Charge 6 Fitness Tracker, 3 Pack Black/Gray/Pink",Maledan_Slim_Band_Compati,12/27/2021,,,Maledan,,,,,,$9.99,$3.33,,,,,,,,,,,,,,,,,,,,,,,,,,,,1.13,ozm,1.13,,4.3,"4.3
1,337 ratings
4.3 out of 5 stars",4.3,"1,337 ratings",4.3 out of 5 stars,1337,"#11,449 in Sports & Outdoors (See Top 100 in Sports & Outdoors)
#68 in Activity & Fitness Trackers
#149 in Electronics & Gadgets",,,FALSE
,61,B0CFFG8Q92,https://www.amazon.com/Waterproof-Compatible-Classic-Replacement-Wristbands/dp/B0CFFG8Q92/ref=zg_bs_g_5393958011_d_sccl_44/145-0980347-9463126?psc=1,"2 Pack Waterproof Bands Compatible with Fitbit Charge 5 / Fitbit Charge 6 for Women Men, Classic Soft Sports Replacement Wristbands for Women Men (Large 7.1''-9.1'', black/black)",2_Pack_Waterproof_Bands_C,8/11/2023,,,,,,,,,$9.99,Check Page,,,,,,,,,,,,,,,,,,,,,,,,,,,3.15 x 1.18 x 0.39 inches,0.634,ozm,0.634,,4.3,"4.3
175 ratings
4.3 out of 5 stars",4.3,175 ratings,4.3 out of 5 stars,175,"#8,100 in Sports & Outdoors (See Top 100 in Sports & Outdoors)
#53 in Activity & Fitness Trackers",,,FALSE
,71,,https://www.amazon.com/Stainless-Adjustable-Wristband-Replacement-Compatible/dp/B0C5LHVQZN/ref=zg_bs_g_5393958011_d_sccl_9/145-0980347-9463126?psc=1,"Metal Band for Fitbit Luxe Bands Women Men, Stainless Steel Mesh Loop Adjustable Magnetic Wristband Replacement Strap Compatible with Fitbit Luxe Fitness and Wellness Tracker",Metal_Band_for_Fitbit_Lux,,,,,,,,,,$9.99,Check Page,,,,,,,,,,,,,,,,,,,,,,,,,,,,,,,,4.4,,,,,#VALUE!,,,,FALSE
,89,,https://www.amazon.com/Tobfit-Compatible-Waterproof-Replacement-Wristbands/dp/B0CKXJ6SRW/ref=zg_bs_g_5393958011_d_sccl_87/145-0980347-9463126?psc=1,"Tobfit 6 PACK Sport Bands Compatible with Fitbit Charge 2 Bands for Women Men, Soft Silicone Waterproof Straps Replacement Wristbands for Fitbit Charge 2 / Charge 2 HR Fitness Tracker",Tobfit_6_PACK_Sport_Bands,,,,,,,,,,$9.99,Check Page,,,,,,,,,,,,,,,,,,,,,,,,,,,,,,,,4.6,,,,,#VALUE!,,,,FALSE
,92,,https://www.amazon.com/Puhuite-Compatible-Charge-Adjustable-Replacement/dp/B0CHRG65F2/ref=zg_bs_g_5393958011_d_sccl_90/145-0980347-9463126?psc=1,"Bands Compatible with Fitbit Charge 2 Bands for Women Men, Classic & Special Edition Adjustable Stretchy Nylon Replacement Strap Wristbands for Fitbit Charge 2",Bands_Compatible_with_Fit,,,,,,,,,,$9.99,Check Page,,,,,,,,,,,,,,,,,,,,,,,,,,,,,,,,4.6,,,,,#VALUE!,,,,FALSE
,28,B09JFJ3C67,https://www.amazon.com/Fitness-Tracker-Activity-Reminder-Pedometer/dp/B09JFJ3C67/ref=zg_bs_g_5393958011_d_sccl_4/145-0980347-9463126?psc=1,"EURANS Kids Fitness Tracker for Boys Girls Teens, IP68 Waterproof Activity Tracker with Heart Rate, Blood Oxygen & Sleep Monitor, Alarm Clock, Calorie Counter, Step Counter",EURANS_Kids_Fitness_Track,1/20/2022,,EURANS,Eurans,,ID115PLUSHR,,,,$18.99,Check Page,,"Android, iOS",iOS 7.1 & higher/Android 4.4 & higher systems,Wi-Fi,Bluetooth,GPS via Smartphone,Bluetooth,OLED,Wireless,Buttons,,,,,Lithium Polymer,Lithium Ion,1,,,,Sport,Rectangular,0.96,in,0.96,Blue,5.6 x 3.4 x 0.7 inches,2.39,ozm,2.39,,3.8,"3.8
1,954 ratings
3.8 out of 5 stars",3.8,"1,954 ratings",3.8 out of 5 stars,1954,"#12,236 in Sports & Outdoors (See Top 100 in Sports & Outdoors)
#76 in Activity & Fitness Trackers",,"Sleep Monitor, Pedometer, Calorie Counter, Time display, Camera Control, Sedentary Reminder, IP68 waterproof, Multisport Tracker, Notifications (calls/Message/email/texts), Heart Rate Monitor, Spo2 Monitor",FALSE
,31,B09T5MNPD3,https://www.amazon.com/GEAK-Compatible-Silicone-Replacement-Wristbands/dp/B09T5MNPD3/ref=zg_bs_g_5393958011_d_sccl_28/145-0980347-9463126?psc=1,"GEAK 4 Pack Slim Band Compatible with Fitbit Charge 5/Charge 6 Bands Women Men, Soft Silicone Sport Replacement Wristband for Fitbit Charge 5/Charge 6 Fitness Tracker, Black/Plum/Blue Gray/Pine Green",GEAK_4_Pack_Slim_Band_Com,2/23/2022,,,GEAK,,C5-blackbluegaryplumpine,China,,,$12.99,Check Page,,,,,,,,,Wireless,,,,,,,,,,,,,,,,,Black/Plum/Blue Gray/Pind Green,,1.44,ozm,1.44,,4.4,"4.4
535 ratings
4.4 out of 5 stars",4.4,535 ratings,4.4 out of 5 stars,535,"#19,865 in Sports & Outdoors (See Top 100 in Sports & Outdoors)
#101 in Activity & Fitness Trackers",,,FALSE
,98,B0CT3ML6Z5,https://www.amazon.com/Maledan-Compatible-Waterproof-Stretchy-Replacement/dp/B0CT3ML6Z5/ref=zg_bs_g_5393958011_d_sccl_96/145-0980347-9463126?psc=1,"Maledan 3 Pack Elastic Band Compatible for Fitbit Charge 4 /Charge 3 Bands Men Women, Waterproof Braided Stretchy Replacement Strap Soft Nylon Wrist Bands for Charge 4/ Charge 3/ 3SE, Black Gray Green",Maledan_3_Pack_Elastic_Ba,1/23/2024,,,Maledan,,,,,,$12.99,Check Page,,,,,,,,,,,,,,,,,,,,,,,,,,,,1.76,ozm,1.76,,4.6,"4.6
1,935 ratings
4.6 out of 5 stars",4.6,"1,935 ratings",4.6 out of 5 stars,1935,"#15,433 in Sports & Outdoors (See Top 100 in Sports & Outdoors)
#127 in Activity & Fitness Trackers",,,FALSE
,21,B0BVDTPB9X,https://www.amazon.com/KALINCO-Pressure-Activity-Pedometer-Calories/dp/B0BVDTPB9X/ref=zg_bs_g_5393958011_d_sccl_10/145-0980347-9463126?psc=1,"KALINCO Slim Fitness Tracker, Smart Watch with Heart Rate, Blood Oxygen, Blood Pressure and Sleep Monitor, Activity Tracker & Pedometer, Calories Step Counter for Women Men, 2 Bands Included",KALINCO_Slim_Fitness_Trac,2/10/2023,,KALINCO,,P76,,,,,$35.99,Check Page,,,,Wi-Fi,Bluetooth,FALSE,,,,,,,,,Lithium Polymer,,,,,,Modern,Rectangular,1.47,in,1.47,,,,,,,3.8,"3.8
3,655 ratings
3.8 out of 5 stars",3.8,"3,655 ratings",3.8 out of 5 stars,3655,"#11,826 in Sports & Outdoors (See Top 100 in Sports & Outdoors)
#73 in Activity & Fitness Trackers",,"2 Straps: 1 Silicone Strap + 1 Stainless Steel Strap, Fitness Tracker, 20+ Sports Modes Tracking, Step/Calories Counter, Call/Message Notification, Alarm, Timer, Stopwatch, Outdoors Watch, Heart Rate/Blood Pressure/Blood Oxygen/Sleep Monitor, Breath Training, Female Cycle Record, All day Tracking Activity Tracker",FALSE
,95,B0D63BQLLQ,https://www.amazon.com/SmartWatch-SleepTracker-Pedometer-Waterproof-Activity/dp/B0D63BQLLQ/ref=zg_bs_g_5393958011_d_sccl_93/145-0980347-9463126?psc=1,"Fitness Tracker 2024 (Answer/Make Calls),Smart watch for Men Women,1.85'' Smartwatch with 24/7 Heart Rate and SpO2,SleepTracker,100+Sport,Pedometer,IP68 Waterproof Activity Trackers for Android iPhone",Fitness_Tracker_2024_(Ans,6/4/2024,,Blackview,Blackview,,R30Pro,China,,,$39.99,$59.99,,"Android, iOS",,Bluetooth,,GPS via Smartphone,,,,,128,Mibyte,0.125,,Lithium Ion,Lithium Ion,1,300 Amp Hours,,,,Square,1.85,in,1.85,,,3.52,ozm,3.52,,4.5,"4.5
104 ratings
4.5 out of 5 stars",4.5,104 ratings,4.5 out of 5 stars,104,"#8,402 in Sports & Outdoors (See Top 100 in Sports & Outdoors)
#48 in Electronics & Gadgets
#56 in Activity & Fitness Trackers",,"2 Watch Bands(Silicone+Nylon), Bluetooth Answer/Make calls/AI Control, Notifications,, Activity Tracker, Sleep tracker, Heart Rate Monitor, Calorie Consumption, Sedentary Reminder,drink water reminder,Weather Forecast, Music/Camera Control, Calls&Messages Notification, Pedometer, IP68 Waterproof/100 Sports Modes, alarm, timer, stopwatch, calendar, calculator, games, menstrual cycle tracker",FALSE
,49,B0D5HR4J4C,https://www.amazon.com/Fitness-Activity-Trackers-Pedometer-Waterproof/dp/B0D5HR4J4C/ref=zg_bs_g_5393958011_d_sccl_30/145-0980347-9463126?psc=1,"Health Fitness Tracker, 24/7 Heart Rate/SpO2/Sleep Monitor, Activity Trackers & Smart Watches with Step Calorie Counter Pedometer, 21-Day Battery, IP68 Waterproof Fitness Watches for Women Men","Health_Fitness_Tracker,_2",6/8/2024,,anyloop,,,,,,,$49.98,$69.97,,anyloop APP,,Bluetooth,Bluetooth,GPS via Smartphone,,,,,,,,,Lithium Polymer,,,280 Milliamp Hours,,,,Rectangular,1.47,in,1.47,,,,,,,4.3,"4.3
308 ratings
4.3 out of 5 stars",4.3,308 ratings,4.3 out of 5 stars,308,"#4,491 in Sports & Outdoors (See Top 100 in Sports & Outdoors)
#26 in Electronics & Gadgets
#33 in Activity & Fitness Trackers",,"24/7 Heart Rate, Blood-Oxygen Monitor, Sleep Tracking, Pedometer, Calorie Tracker, Activity & Fitness Trackers, IP68 Waterproof, 20+ Sport modes, Menstrual Cycle, Smart Notifications, Incoming Call Reminders, Weather, Do Not Disturb Mode, Power Saving Mode, Music Player, Flashlight, Time Display, 100+ Watch Faces, Customized Dials, Calculator, Alarm, Find Phone, Sedentary Reminder, Drinking Water Reminder, Camera Control",FALSE
,96,,https://www.amazon.com/Maledan-Compatible-Breathable-Accessories-Wristbands/dp/B0C8HTRXYM/ref=zg_bs_g_5393958011_d_sccl_94/145-0980347-9463126?psc=1,"Maledan 8 Pack Band Compatible with Fitbit Charge 5/Charge 6 Bands for Women Men, Soft Slim Silicone Waterproof Sport Strap Replacement Wristband Accessories for Fitbit Charge 5/6 Fitness Tracker",Maledan_8_Pack_Band_Compa,,,,,,,,,,$16.99,Check Page,,,,,,,,,,,,,,,,,,,,,,,,,,,,,,,,4.6,,,,,#VALUE!,,,,FALSE
,37,B08PF9V27X,https://www.amazon.com/ENGERWALL-Smartwatch-Temperature-Pedometer-Notifications/dp/B08PF9V27X/ref=zg_bs_g_5393958011_d_sccl_9/145-0980347-9463126?psc=1,"ENGERWALL Fitness Tracker with Step Counter/Calories/Stopwatch, Activity Tracker with Heart Rate Monitor, IP68, Health Tracker with Sleep Tracker, Smartwatch, Pedometer Watch for Women Men Kids",ENGERWALL_Fitness_Tracker,12/5/2020,,ENGERWALL,,New upgrade (S5-3),,,,,$20.99,$29.99,,,,Bluetooth,Bluetooth,GPS via Smartphone,,,,,,,,,Lithium Polymer,,,100 Milliamp Hours,,,,Rectangular,0.96,in,0.96,,,,,,,3.7,"3.7
6,694 ratings
3.7 out of 5 stars",3.7,"6,694 ratings",3.7 out of 5 stars,6694,"#2,153 in Sports & Outdoors (See Top 100 in Sports & Outdoors)
#14 in Activity & Fitness Trackers",,"Activity Tracker, Blood Pressure Monitor, Sleep Monitor, Notifications, GPS, Pedometer, Body Temperature Monitor, Waterproof, Sedentary Reminder, Oxymeter (SpO2)",FALSE
,55,B09M3LQ6WB,https://www.amazon.com/Fitness-Tracker-Waterproof-Activity-Temperature/dp/B09M3LQ6WB/ref=zg_bs_g_5393958011_d_sccl_37/145-0980347-9463126?psc=1,"Fitness Tracker for Men and Women,Fitness Watch Waterproof with Activity Tracker and Sleep Monitor,Smart Watch for Android and iOS Phones",Fitness_Tracker_for_Men_a,11/17/2021,,,,,,,,,$21.99,Check Page,,"Android, iOS",,Bluetooth,Bluetooth,GPS via Smartphone,,,,,512,Mibyte,0.5,,Lithium Polymer,,,105 Milliamp Hours,,,,Rectangular,0.96,in,0.96,,,,,,,3.7,"3.7
3,318 ratings
3.7 out of 5 stars",3.7,"3,318 ratings",3.7 out of 5 stars,3318,"#11,777 in Sports & Outdoors (See Top 100 in Sports & Outdoors)
#71 in Activity & Fitness Trackers",,"Activity Tracker, Heart Rate Monitor,Blood Pressure Monitor, Sleep Monitor, Notifications, Pedometer, Body Temperature Monitor, Waterproof, Sedentary Reminder",FALSE
,39,B0D5QHDP6Y,https://www.amazon.com/Pressure-Calories-Waterproof-Activity-Trackers/dp/B0D5QHDP6Y/ref=zg_bs_g_5393958011_d_sccl_11/145-0980347-9463126?psc=1,"Health Fitness Tracker, Smart Watch with 24/7 Heart Rate Blood Pressure Blood Oxygen Monitor, Sleep Tracker, Calories & Step Tracker, IP68 Waterproof Activity Trackers for Android&iPhone Women Men","Health_Fitness_Tracker,_S",6/30/2024,,,RLQA,,Band 2,China,,,$49.99,$79.99,,"Android, iOS",,Wi-Fi,Bluetooth,GPS via Smartphone,,,,,64,Mibyte,0.0625,,Lithium Polymer,Lithium Ion,1,200 Milliamp Hours,,,,Rectangular,1.47,in,1.47,,10.63 x 2.76 x 0.67 inches,85,g,2.998,,4.3,"4.3
461 ratings
4.3 out of 5 stars",4.3,461 ratings,4.3 out of 5 stars,461,"#1,080 in Sports & Outdoors (See Top 100 in Sports & Outdoors)
#5 in Activity & Fitness Trackers
#6 in Electronics & Gadgets",,"Activity Tracker, Sleep tracker, Blood Pressure Monitor, Heart Rate Monitor, Calorie Consumption, Sedentary Reminder, Weather Forecast, Music/Camera Control, Calls&Messages Notification, Pedometer",FALSE
,43,B0CYLB55LB,https://www.amazon.com/Fitness-Pedometer-Waterproof-Activity-Trackers/dp/B0CYLB55LB/ref=zg_bs_g_5393958011_d_sccl_18/145-0980347-9463126?psc=1,"Fitness Tracker 2024 (Answer/Make Call),Smart Watch with 24/7 Heart Rate Blood Oxygen Monitor,Sleep Tracker,100+ Sports Modes,Pedometer,IP68 Waterproof Activity Trackers for Android&iPhone Women Men",Fitness_Tracker_2024_(Ans,3/20/2024,,,Blackview,,R50,China,,,$39.99,$79.98,,"Android, iOS",,Bluetooth,Bluetooth,GPS via Smartphone,,,,,128,Mibyte,0.125,,Lithium,AAAA,2,350 Milliamp Hours,,,,Square,1.85,in,1.85,,,3.52,ozm,3.52,,4.4,"4.4
416 ratings
4.4 out of 5 stars",4.4,416 ratings,4.4 out of 5 stars,416,"#3,276 in Sports & Outdoors (See Top 100 in Sports & Outdoors)
#24 in Activity & Fitness Trackers",,"Aluminum alloy case, 2Pack Watch Bands(Silicone+Nylon), Answer/Make calls/Quick Text Reply/AI Control, Notifications, IP68 Waterproof/100 Sports Modes/Heart Rate/SpO2/Stress/Sleep Monitor, weather, alarm, timer, stopwatch, calendar, calculator, games, menstrual cycle tracker, sedentary and drink water reminder, music control, remote control to take photos on your phone etc.",FALSE
,9,B0CRKS8XDY,https://www.amazon.com/POIUZET-Pressure-Calories-Pedometer-Waterproof/dp/B0CRKS8XDY/ref=zg_bs_g_5393958011_d_sccl_31/145-0980347-9463126?psc=1,"Fitness Tracker, Fitness Watch with Blood Oxygen, Blood Pressure & Heart Rate Monitor, Steps Calories Counter, Sleep Monitor, Pedometer 50 Meters Waterproof, Smart Watch for Android iPhones","Fitness_Tracker,_Fitness_",1/5/2024,,POIUZET,POIUZET,,,,,,$15.99,$79.99,,"Android, iOS",,Wi-Fi,Bluetooth,GPS via Smartphone,,,,,,,,,Lithium Polymer,Lithium Ion,1,,,,"Exercise, Workout",Square,1.3,in,1.3,,5.9 x 3.18 x 0.66 inches,2.39,ozm,2.39,,4,"4.0
173 ratings
4.0 out of 5 stars",4,173 ratings,4.0 out of 5 stars,173,"#6,190 in Sports & Outdoors (See Top 100 in Sports & Outdoors)
#45 in Activity & Fitness Trackers",,"Blood Oxygen & Heart Rate Monitor and Sleep Tracker, Smart Notifications, Fitness Tracker, Fitness Watch, Activity Tracker, Pedometer Watch, Step Counter and Calorie Tracking, Waterproof Watch and Multiple Sports Mode Monitoring",FALSE
,16,B0DBG37QBS,https://www.amazon.com/Fitness-Pressure-Activity-Trackers-Waterproof/dp/B0DBG37QBS/ref=zg_bs_g_5393958011_d_sccl_21/145-0980347-9463126?psc=1,"Smart Watch Fitness Tracker with 24/7 Heart Rate, Blood Oxygen Blood Pressure Monitor Sleep Tracker 120 Sports Modes Activity Trackers Step Calorie Counter IP68 Waterproof for Andriod iPhone Women Men",Smart_Watch_Fitness_Track,7/28/2024,,Bestinn,,Fitness Tracker,,,,,$47.99,Check Page,,,,,,GPS via Smartphone,,,,,,,,,Lithium Polymer,,,,,,Modern,Rectangular,1.47,in,1.47,Black,,,,,,4.4,"4.4
114 ratings
4.4 out of 5 stars",4.4,114 ratings,4.4 out of 5 stars,114,"#4,570 in Sports & Outdoors (See Top 100 in Sports & Outdoors)
#35 in Activity & Fitness Trackers",,"Drinking Water Reminder, Sedentary Reminder, Menstrual Cycle Reminder, 24/7 Heart Rate, Blood oxygen, Blood pressure monitor; Sleep Tracker, Call and Message Notification, Weather Forecast, Remote Camera Control, Music Player Control, More Than 150 different Watch Faces Style & Customized Watch Face, 120+ Sports Modes Tracking and All-day Activity Tracking",FALSE
,23,B0CS34G3HZ,https://www.amazon.com/Stiive-Activity-Pedometer-Waterproof-Compatible/dp/B0CS34G3HZ/ref=zg_bs_g_5393958011_d_sccl_22/145-0980347-9463126?psc=1,"Stiive Fitness Tracker, Smart Watch for Men Women, Activity Fitness Watch with Heart Rate Monitor, Pedometer, Sleep Monitor, 50 Meters Waterproof Step Tracker Compatible with iOS & Android Phones","Stiive_Fitness_Tracker,_S",1/11/2024,,Stiive,,,,,,,$19.99,$29.99,,,,,,GPS via Smartphone,,,,,,,,,Lithium Polymer,,,,,,Modern,Square,1.3,in,1.3,Purple Gold,,,,,,3.8,"3.8
231 ratings
3.8 out of 5 stars",3.8,231 ratings,3.8 out of 5 stars,231,"#10,449 in Sports & Outdoors (See Top 100 in Sports & Outdoors)
#62 in Activity & Fitness Trackers",,"Heart rate monitoring, Message Reminder & Call Reminder, Multiple sports modes and activity tracking, Sedentary Reminder, Goal Completion Reminder, Alarm clock, Wrist sense, pedometer, calorie burned, distance.",FALSE
,22,B0D46SWVN6,https://www.amazon.com/Fitness-Tracker-Pressure-Exercise-Waterproof/dp/B0D46SWVN6/ref=zg_bs_g_5393958011_d_sccl_14/145-0980347-9463126?psc=1,Health Fitness Tracker Smart Watch with Always on Display 24/7 Heart Rate Blood Pressure Blood Oxygen Monitor Sleep Tracker 120+ Exercise Modes Step Calorie Counter IP68 Waterproof for Women Men,Health_Fitness_Tracker_Sm,7/16/2024,,Bestinn,,Fitness Trackers,,,,,$47.99,$79.99,,,,,,GPS via Smartphone,,,,,,,,,Lithium Polymer,,,,,,Modern,Rectangular,1.58,in,1.58,Graphite Black,,,,,,4.3,"4.3
79 ratings
4.3 out of 5 stars",4.3,79 ratings,4.3 out of 5 stars,79,"#122,170 in Sports & Outdoors (See Top 100 in Sports & Outdoors)
#352 in Activity & Fitness Trackers",,"Lightweight Design for Sports, Comfortable Straps, 2024 Latest Display Technology, Always on Display, 24/7 Heart Rate Monitor, 24/7 Blood Pressure Monitor, Blood Oxygen Monitor, Sleep Tracker, Breath Training",FALSE
,13,B0CSD1JXSJ,https://www.amazon.com/Fitness-Tracker-Pressure-Pedometer-Waterproof/dp/B0CSD1JXSJ/ref=zg_bs_g_5393958011_d_sccl_8/145-0980347-9463126?psc=1,"Smart Watch Health Fitness Tracker with 24/7 Heart Rate, Blood Oxygen Blood Pressure Sleep Monitor, 115 Sports Modes, Step Calorie Counter Pedometer IP68 Waterproof for Android and iPhone Women Men",Smart_Watch_Health_Fitnes,3/31/2024,,Mindrose,,Fitness Tracker Watch,,,,,$39.99,$69.99,,Android,,USB,,GPS via Smartphone,,,,,,,,,Lithium Polymer,,,,,,Modern,Rectangular,1.47,in,1.47,,,,,,,4.2,"4.2
828 ratings
4.2 out of 5 stars",4.2,828 ratings,4.2 out of 5 stars,828,"#3,169 in Sports & Outdoors (See Top 100 in Sports & Outdoors)
#23 in Activity & Fitness Trackers",,"Pedometer, 24/7 Heart Rate Monitor, Blood Oxygen Monitor, Blood Pressure Monitor, Calls and Messages Notification, Tracking More than 115 Sports Activities, Sleep Tracker",FALSE
,8,B0D6Z71147,https://www.amazon.com/ZURURU-Pressure-Upgraded-Waterproof-Pedometer/dp/B0D6Z71147/ref=zg_bs_g_5393958011_d_sccl_23/145-0980347-9463126?psc=1,"ZURURU Fitness Tracker with Blood Pressure Heart Rate Sleep Health Monitor for Men and Women, Upgraded Waterproof Activity Tracker Watch, Step Calorie Counter Pedometer",ZURURU_Fitness_Tracker_wi,6/13/2024,,ZURURU,ZURURU,Y39,Y39FIT,,,,$29.99,$33.99,,,,,Bluetooth,GPS via Smartphone,,,,,,,,,Lithium Polymer,Lithium Polymer,1,,,,"Classic, Modern, Fashion, Sports",Rectangular,0.96,in,0.96,Space Black,0.43 x 0.75 x 1.61 inches,1.76,ozm,1.76,,3.8,"3.8
9,770 ratings
3.8 out of 5 stars",3.8,"9,770 ratings",3.8 out of 5 stars,9770,"#2,475 in Sports & Outdoors (See Top 100 in Sports & Outdoors)
#16 in Activity & Fitness Trackers
#36 in Electronics & Gadgets",,"Step Tracker, Pedometer, Calorie Tracker, Sleep Monitor, Long Standby Time 7-10 Days, Multi Sports Tracker, Big Screen Fonts, 20 Alarms Setting, Blood Pressure Monitor, Heart Rate Monitor, Activity Tracker, Physiological Period Reminder, Wrist Sense",FALSE
,78,B0D87G5RYW,https://www.amazon.com/IMFRCHCS-Fitness-Tracker-Activity-Waterproof/dp/B0D87G5RYW/ref=zg_bs_g_5393958011_d_sccl_20/145-0980347-9463126?psc=1,"IMFRCHCS Fitness Tracker, Smart Watch with 1.47"" TFT Touch Display, 137+ Sport Modes Activity Tracker with 24/7 Heart Rate Blood Oxygen and Sleep Monitor, IP68 Waterproof Tracker for Women Men","IMFRCHCS_Fitness_Tracker,",6/27/2024,,IMFRCHCS,IMFRCHCS,,B6,,,,$49.99,$99.99,,"Android, iOS",Android iOS,Bluetooth,Bluetooth,,,,Wireless,Touchscreen,128,Mibyte,0.125,,Lithium Ion,Lithium Ion,1,480 Milliamp Hours,,,,Rectangular,1.47,in,1.47,Starlight,,2.89,ozm,2.89,,4.1,"4.1
598 ratings
4.1 out of 5 stars",4.1,598 ratings,4.1 out of 5 stars,598,"#38,192 in Sports & Outdoors (See Top 100 in Sports & Outdoors)
#160 in Activity & Fitness Trackers
#227 in Electronics & Gadgets",,"Activity Tracker, Alarm Clock, Always On Display, Custom Activity Tracking, Daily Workout Memory, Lightweight, Multisport Tracker, Music Player, Notifications, Time Display, Touchscreen",FALSE
,66,,https://www.amazon.com/Fresh-Compatible-Resistant-Breathable-Occasion/dp/B0CT114TC3/ref=zg_bs_g_5393958011_d_sccl_50/145-0980347-9463126?psc=1,"The Fresh Strap- Band Compatible with Whoop 4.0- Odor Resistant, Breathable Nylon Bands Compatible with the Whoop Bands- Easy to use and Perfect for Every Occasion",The_Fresh_Strap-_Band_Com,,,,,,,,,,$24.99,Check Page,,,,,,,,,,,,,,,,,,,,,,,,,,,,,,,,3.5,,,,,#VALUE!,,,,FALSE
,97,B0DCTSJXXM,https://www.amazon.com/Asmoda-Fitness-Tracker-Activity-Waterproof/dp/B0DCTSJXXM/ref=zg_bs_g_5393958011_d_sccl_95/145-0980347-9463126?psc=1,"Fitness Tracker (Answer/Dial Call), Smart Watch with 1.47"" HD Touch Display, 130+ Sport Modes Activity Tracker with Sleep Monitor, IP68 Waterproof Tracker for Android&iPhone Women Men",Fitness_Tracker_(Answer/D,7/15/2024,,Asmoda,Asmoda,,B7 Pro,,,,$49.99,$89.99,,"Android, iOS",Android/iOS,Bluetooth,802.11b,,,,Wireless,Touchscreen,128,Mibyte,0.125,,Lithium Ion,Lithium Ion,1,480 Milliamp Hours,,,,Round,1.47,in,1.47,Starlight,,2.89,ozm,2.89,,4.5,"4.5
173 ratings
4.5 out of 5 stars",4.5,173 ratings,4.5 out of 5 stars,173,"#28,771 in Sports & Outdoors (See Top 100 in Sports & Outdoors)
#128 in Activity & Fitness Trackers
#175 in Electronics & Gadgets",,"Activity Tracker, Alarm Clock, Always On Display, Custom Activity Tracking, Lightweight, Multisport Tracker, Music Player, Notifications, Phone Call, Time Display, Touchscreen, Weather Forecast",FALSE
,2,B0BVDJ3W5L,https://www.amazon.com/EURANS-Calories-Waterproof-Activity-Compatible/dp/B0BVDJ3W5L/ref=zg_bs_g_5393958011_d_sccl_1/145-0980347-9463126?psc=1,"EURANS Smart Watch 45mm, AMOLED Fitness Watch with Heart Rate/Sleep Monitor Steps Calories Counter, IP68 Waterproof Activity Tracker Compatible with Android iOS","EURANS_Smart_Watch_45mm,_",2/16/2023,,EURANS,EURANS,,,,,,$20.99,$79.99,,"Android, iOS, Bluetooth","Android 6.0 / iOS 11.0 or above, Bluetooth 4.0 or above",Bluetooth,Bluetooth,,Bluetooth,AMOLED,,Touchscreen,,,,,Lithium Polymer,Lithium Polymer,1,,,,AMOLED,Square,45,mm,1.772,Black,10.16 x 1.39 x 0.39 inches,3.21,ozm,3.21,,4,"4.0
6,209 ratings
4.0 out of 5 stars",4,"6,209 ratings",4.0 out of 5 stars,6209,"#15,892 in Sports & Outdoors (See Top 100 in Sports & Outdoors)
#90 in Activity & Fitness Trackers",,"Activity Tracker, IP68 Waterproof, Pedometer, Sleep Monitor, Heart Rate Monitor, Blood Oxygen Monitor, Calories Tracker, Timer, Stopwatch, Time Display, Weather, Sedentary Reminder, Do Not Disturb Mode, Breath Training, Flashlight, Find Phone, Screen Lock, Raise to Wake, Music Control, Alarm Clock, Sedentary Alert, Drinking Reminder, Smart Notification from Email, Messages, Call, SNS Reminder, Multiple Sport Modes, Built-in Dials, Customized Watch Face, Brightness Settings",FALSE
,41,B09Z6CRHJ6,https://www.amazon.com/Amazfit-Fitness-Tracker-Monitoring-Resistant/dp/B09Z6CRHJ6/ref=zg_bs_g_5393958011_d_sccl_15/145-0980347-9463126?psc=1,"Amazfit Band 7 Fitness & Activity Tracker, Step Monitoring, Heart Rate & SpO2 Monitoring, Virtual Pacer, 18-Day Battery, Sleep Quality Analysis, Alexa Built-In, Water Resistant, (Black)",Amazfit_Band_7_Fitness_&_,7/14/2022,,Amazfit,Amazfit,,A2177-Black,China,,,$44.99,$49.99,,Zepp OS,Zepp OS,Bluetooth,Bluetooth,GPS via Smartphone,Bluetooth 5.2,AMOLED,Wireless,Touchscreen,2300,Mibyte,2.2461,,Lithium Ion,Lithium Polymer,1,,,,,Heart,1.47,in,1.47,Black,1.84 x 0.95 x 0.48 inches,0.96,ozm,0.96,,4,"4.0
7,808 ratings
4.0 out of 5 stars",4,"7,808 ratings",4.0 out of 5 stars,7808,"#1,888 in Sports & Outdoors (See Top 100 in Sports & Outdoors)
#10 in Activity & Fitness Trackers",,"ALEXA Built-in, Activity Tracker, Always On Display",FALSE
,29,B09VY7MWFZ,https://www.amazon.com/Garmin-v%C3%ADvofit%C2%AE-Swim-Friendly-Activity-Adventure/dp/B09VY7MWFZ/ref=zg_bs_g_5393958011_d_sccl_15/145-0980347-9463126?psc=1,"Garmin vívofit® jr. 3 Kids Fitness Tracker, Black Cosmic, Up to 1 Year Battery Life, Swim-Friendly, Activity Unlocks Adventure",Garmin_vívofit®_jr._3_Kid,5/4/2022,,Garmin,Garmin,Garmin vivofit jr 3 Kids Fitness Tracker,010-02441-23,Taiwan,,,$89.99,Check Page,,,,"Bluetooth, USB",Infrared,,,,Wireless,Buttons,,,,,Lithium Manganese Dioxide,Lithium Metal,1,,,,vivofit jr 3,Square,0.79,in,0.79,Black Cosmic,0.55 x 0.2 x 0.55 inches,0.88,ozm,0.88,,4.3,"4.3
255 ratings
4.3 out of 5 stars",4.3,255 ratings,4.3 out of 5 stars,255,"#17,428 in Sports & Outdoors (See Top 100 in Sports & Outdoors)
#97 in Activity & Fitness Trackers
#105 in Electronics & Gadgets",,Bluetooth,FALSE
,82,B0CLDFGJYK,https://www.amazon.com/Pressure-Tracking-Waterproof-Activity-Pedometer/dp/B0CLDFGJYK/ref=zg_bs_g_5393958011_d_sccl_27/145-0980347-9463126?psc=1,"Health Fitness Tracker 2024 with 24/7 Heart Rate, Blood Oxygen, Blood Pressure, Sleep Tracker, IP68 Waterproof Activity Trackers with Step Tracker, Pedometer (S & L Bands Included)",Health_Fitness_Tracker_20,10/19/2023,,VIPWISE,VIPWISE,D36,D36,,,,$45.99,$79.99,,Android,android,"GPS, Bluetooth",Bluetooth,GPS via Smartphone,,,Wireless,"Dial, Touchscreen, Microphone, Buttons",,,,,Lithium Polymer,Lithium Polymer,1,,,,,Rectangular,1.57,in,1.57,Pinksand,9.8 x 2.91 x 0.67 inches,4.2,ozm,4.2,,3.7,"3.7
436 ratings
3.7 out of 5 stars",3.7,436 ratings,3.7 out of 5 stars,436,"#14,144 in Sports & Outdoors (See Top 100 in Sports & Outdoors)
#83 in Activity & Fitness Trackers",,"Cycle Tracking, Activity Tracker, Daily Workout Memory, Always On Display, Phone Call",FALSE
,44,B0CWVLTWHV,https://www.amazon.com/WHOOP-Ultra-Soft-Performance-Durability-Compatible/dp/B0BWZ32CMD/ref=zg_bs_g_5393958011_d_sccl_20/145-0980347-9463126?psc=1,"WHOOP Ultra-Soft SuperKnit Accessory Wristband 4.0 for Enhanced Performance, Comfort and Durability, Compatible 4.0 Wearable Health, Fitness & Activity Tracker, Ace Green",WHOOP_Ultra-Soft_SuperKni,3/1/2024,,,WHOOP,,,,,,$49.00,Check Page,,,,,,,,,Jewelry,,,,,,,,,,,,,,,,,Ace Green,,2.08,ozm,2.08,,4.5,"4.5
401 ratings
4.5 out of 5 stars",4.5,401 ratings,4.5 out of 5 stars,401,"#3,961 in Sports & Outdoors (See Top 100 in Sports & Outdoors)
#28 in Activity & Fitness Trackers",,,FALSE
,11,B0D13VX3NP,https://www.amazon.com/RingConn-Subscription-Activity-Waterproof-Compatible/dp/B0D13VX3NP/ref=zg_bs_g_5393958011_d_sccl_45/145-0980347-9463126?psc=1,"RingConn Smart Ring, No App Subscription, Size First with Sizing Kit, 7-Day Battery Life Activity & Sleep Tracker/Stress/Heart Rate Monitor, Waterproof Compatible with iOS & Android(Silver, Size8)","RingConn_Smart_Ring,_No_A",4/8/2024,,RingConn,"Guangdong Jiu Zhi Technology Co., Ltd.",BOR-01,BOR-01,,,,$279.00,$69.99,,,,Bluetooth,,,,,Wireless,,,,,,Lithium Polymer,Lithium Polymer,1,,,,health monitoring,Round,,,,Moonlit Silver,0.72 x 0.72 x 0.3 inches,11.2,ozm,11.2,,4.3,"4.3
154 ratings
4.3 out of 5 stars",4.3,154 ratings,4.3 out of 5 stars,154,,,"Fitness Tracker, Sleep Monitor, Stress index, Activity Tracker, heart-rate-monitor",FALSE
,27,B0CDR56776,https://www.amazon.com/Amzhero-Pressure-Waterproof-Activity-Pedometer/dp/B0CDR56776/ref=zg_bs_g_5393958011_d_sccl_4/145-0980347-9463126?psc=1,"Health Fitness Tracker with 24/7 Heart Rate, Blood Oxygen, Blood Pressure, Sleep Tracker, 5ATM Waterproof Activity Trackers with Step Tracker, Pedometer (S & L Bands Included)…",Health_Fitness_Tracker_wi,8/8/2023,,Amzhero,Amzhero,,,,,,$49.99,$69.99,,,,,Bluetooth,,,,Wireless,Buttons,,,,,Lithium Polymer,Lithium Polymer,1,300 Milliamp Hours,,,Runfit D26,,1.47,in,1.47,Spaceblack,10 x 3.1 x 0.6 inches,1.76,ozm,1.76,,3.7,"3.7
2,568 ratings
3.7 out of 5 stars",3.7,"2,568 ratings",3.7 out of 5 stars,2568,"#1,096 in Sports & Outdoors (See Top 100 in Sports & Outdoors)
#6 in Activity & Fitness Trackers",,Heart Rate Monitor,FALSE
,33,B0B5F9SZW7,https://www.amazon.com/Fitbit-Management-Intensity-Tracking-Midnight/dp/B0B5F9SZW7/ref=zg_bs_g_5393958011_d_sccl_1/145-0980347-9463126?psc=1,"Fitbit Inspire 3 Health &-Fitness-Tracker with Stress Management, Workout Intensity, Sleep Tracking, 24/7 Heart Rate and more, Midnight Zen/Black One Size (S & L Bands Included)",Fitbit_Inspire_3_Health_&,9/23/2022,,Fitbit,Fitbit Inc,Inspire 3,B0B5F9SZW7,China,,,$99.95,$79.99,,Android,android,Bluetooth,Bluetooth,GPS via Smartphone,,,Wireless,Touchscreen,,,,,Lithium Ion,Lithium Ion,1,,,,,Rectangular,0.35,in,0.35,Black/Midnight Zen,0.71 x 0.43 x 1.54 inches,0.96,ozm,0.96,,4.3,"4.3
13,996 ratings
4.3 out of 5 stars",4.3,"13,996 ratings",4.3 out of 5 stars,13996,"#25 in Sports & Outdoors (See Top 100 in Sports & Outdoors)
#1 in Activity & Fitness Trackers
#1 in Electronics & Gadgets",,Heart Rate Monitor,FALSE
,77,B09LMD1WL4,https://www.amazon.com/Kummel-Waterproof-Activity-Pedometer-Calories/dp/B09LMD1WL4/ref=zg_bs_g_5393958011_d_sccl_19/145-0980347-9463126?psc=1,"Kummel Fitness Tracker with Heart Rate Blood Oxygen Monitor, Activity Tracker Sleep Monitor Health Tracker, Smart Watch Pedometer Step Calories Counter, Fitness Watches for Men Women",Kummel_Fitness_Tracker_wi,11/11/2021,,Kummel,Kummel,ID115PlusHR,ID115PLUSHR,China,,,$19.99,$79.99,,smartphones with Android 4.4 and iOS 7.1 above and Bluetooth 4.0 above.,smartphones with Android 4.4 and iOS 7.1 above and Bluetooth 4.0 above.,Wi-Fi,Bluetooth,GPS via Smartphone,Bluetooth,OLED,Wireless,Touchscreen,,,,,Lithium Polymer,Lithium Polymer,1,,,,,Rectangular,0.96,in,0.96,Black,5.6 x 3.4 x 0.7 inches,1.76,ozm,1.76,,3.7,"3.7
6,062 ratings
3.7 out of 5 stars",3.7,"6,062 ratings",3.7 out of 5 stars,6062,"#11,758 in Sports & Outdoors (See Top 100 in Sports & Outdoors)
#70 in Activity & Fitness Trackers",,"Heart Rate Monitor, Slepp Monitor, Activity Tracker, Notifications",FALSE
,90,B0C2HP941B,https://www.amazon.com/LIVIKEY-Activity-Pedometer-Calories-Compatible/dp/B0C2HP941B/ref=zg_bs_g_5393958011_d_sccl_88/145-0980347-9463126?psc=1,"Fitness Tracker Watch with Heart Rate Monitor, Step Counter Activity Tracker with Pedometer & Sleep Monitor, Calories, Step Tracking for Women Men Compatible with Android iOS",Fitness_Tracker_Watch_wit,4/14/2023,,LIVIKEY,LIVIKEY,ID130PlusHR,ID130Plus HR,,,,$16.99,$79.99,,"Android, iOS",iOS 7.0 above & Android 4.4 above Smartphone.,Wi-Fi,Bluetooth,GPS via Smartphone,Bluetooth,OLED,Wireless,Touchscreen,,,,,Lithium Polymer,Lithium Ion,1,,,,,Rectangular,0.96,in,0.96,Purple,6.88 x 3.5 x 0.7 inches,0.811,ozm,0.811,,3.6,"3.6
1,649 ratings
3.6 out of 5 stars",3.6,"1,649 ratings",3.6 out of 5 stars,1649,"#21,620 in Sports & Outdoors (See Top 100 in Sports & Outdoors)
#107 in Activity & Fitness Trackers",,"heart rate monitoring, sleep monitoring",FALSE
,34,B0CC62ZG1M,https://www.amazon.com/Fitbit-Exercise-Equipment-6-Months-Membership/dp/B0CC62ZG1M/ref=zg_bs_g_5393958011_d_sccl_2/145-0980347-9463126?psc=1,"Fitbit Charge 6 Fitness Tracker with Google apps, Heart Rate on Exercise Equipment, 6-Months Premium Membership Included, GPS, Health Tools and More, Obsidian/Black, One Size (S & L Bands Included)",Fitbit_Charge_6_Fitness_T,9/28/2023,,Fitbit,Fitbit,,GA05195-WW,,,,$153.00,Check Page,,Android,Android,Wi-Fi,Bluetooth,Built-in GPS,,,Wireless,Buttons,4,Gibyte,4,,,Lithium Ion,1,65 Milliamp Hours,,,,Rectangular,1.04,in,1.04,Black Case w/ Black Band,6 x 4 x 4 inches,4.6,ozm,4.6,,4.1,"4.1
8,792 ratings
4.1 out of 5 stars",4.1,"8,792 ratings",4.1 out of 5 stars,8792,"#125 in Sports & Outdoors (See Top 100 in Sports & Outdoors)
#2 in Activity & Fitness Trackers",,"Sleep Monitor, Multisport Tracker, ECG, Activity Tracker, GPS, Contactless Payments",FALSE
,6,B0CX4ZYV85,https://www.amazon.com/TYKOIT-Pedometer-Friendly-Required-Waterproof/dp/B0CX4ZYV85/ref=zg_bs_g_5393958011_d_sccl_19/145-0980347-9463126?psc=1,"Pedometer Watch Senior Friendly No App/Phone Required, Waterproof Fitness Tracker Watch with Step Counter Calories/Sleep Tracker for Walking Running for Men Women",Pedometer_Watch_Senior_Fr,3/5/2024,,TYKOIT,TYKOIT,,,,,,$29.99,Check Page,,,,Bluetooth,,,,LCD,Wireless,Touchscreen,,,,,Lithium Polymer,Lithium Polymer,1,,,,Classic,Square,,,,Black,5.9 x 3.2 x 0.75 inches,2.39,ozm,2.39,,3.9,"3.9
638 ratings
3.9 out of 5 stars",3.9,638 ratings,3.9 out of 5 stars,638,"#1,934 in Sports & Outdoors (See Top 100 in Sports & Outdoors)
#12 in Activity & Fitness Trackers
#12 in Electronics & Gadgets",,"Sleep Monitor, Pedometer, Calorie Tracker, Heart Rate Monitor, SpO2 Measurement",FALSE
,26,B0CJ2RQ1C9,https://www.amazon.com/Imzuc-Waterproof-Smartwatch-Compatible-Calories/dp/B0CJ2RQ1C9/ref=zg_bs_g_5393958011_d_sccl_98/145-0980347-9463126?psc=1,"Fitness Tracker Watch, Step Tracker with Heart Rate, Blood Oxygen Sleep Monitor, 5ATM Waterproof Pedometer, Step Calorie Counter, Health Fitness Watch for Sports, Activity Tracker for Women Men","Fitness_Tracker_Watch,_St",9/14/2023,,Imzuc,Imzuc,,,,,,$12.99,$14.99,,,,Wi-Fi,,GPS via Smartphone,,,,,,,,,Lithium Polymer,Lithium Ion,1,,,,Modern,Rectangular,1.5,in,1.5,Black,9.5 x 3.3 x 0.62 inches,2.39,ozm,2.39,,4,"4.0
220 ratings
4.0 out of 5 stars",4,220 ratings,4.0 out of 5 stars,220,"#5,056 in Sports & Outdoors (See Top 100 in Sports & Outdoors)
#38 in Activity & Fitness Trackers",,"Weather Forecast, Sedentary Reminder, Do Not Disturb Mode, Night Mode, Timer, Stopwatch, Breath Training, Flashlight, Find Phone, Raise to Wake, Music Control, Alarm Clock, Sedentary Alert, Drinking Reminder, Activity Tracker, Sleep Monitor, Heart Rate Monitor, Blood Oxygen Monitor, Pedometer, Step Calories Tracker",FALSE
,3,B0CW3VWC3X,https://www.amazon.com/SAMSUNG-Display-Watchfaces-Exercise-International/dp/B0CW3VWC3X/ref=zg_bs_g_5393958011_d_sccl_7/145-0980347-9463126?psc=1,"SAMSUNG Galaxy FIT 3 [2024] 1.6"" AMOLED Display | 14 Days Battery Life | 100+ Watchfaces | 100+ Exercise Modes | International Model -",SAMSUNG_Galaxy_FIT_3_[202,2/21/2024,,SAMSUNG,,Samsung Galaxy Fit 3,,,,,$49.99,$54.99,,Android,,Bluetooth,,,,,,,2,Gibyte,2,,,,,208 Milliamp Hours,,,Casual,Rectangular,1.6,in,1.6,,,,,,,4.1,"4.1
493 ratings
4.1 out of 5 stars",4.1,493 ratings,4.1 out of 5 stars,493,"#1,250 in Sports & Outdoors (See Top 100 in Sports & Outdoors)
#7 in Activity & Fitness Trackers
#9 in Electronics & Gadgets",,Activity Tracker,FALSE
,75,B0CW3VJFPN,https://www.amazon.com/SAMSUNG-Display-Watchfaces-Exercise-International/dp/B0CW3VJFPN/ref=zg_bs_g_5393958011_d_sccl_17/145-0980347-9463126?psc=1,"SAMSUNG Galaxy FIT 3 [2024] 1.6"" AMOLED Display | 14 Days Battery Life | 100+ Watchfaces | 100+ Exercise Modes | International Model - (Silver)",SAMSUNG_Galaxy_FIT_3_[202,2/21/2024,,SAMSUNG,SAMSUNG,Galaxy Fit 3,SB0009,,,,$48.49,$52.24,,Android,,Bluetooth,Bluetooth,,,,,,1.56,Gibyte,1.56,,Lithium,Lithium Ion,1,208 Milliamp Hours,,,,Rectangular,1.6,in,1.6,,,4.2,ozm,4.2,,4.1,"4.1
247 ratings
4.1 out of 5 stars",4.1,247 ratings,4.1 out of 5 stars,247,"#12,300 in Sports & Outdoors (See Top 100 in Sports & Outdoors)
#71 in Electronics & Gadgets
#77 in Activity & Fitness Trackers",,Activity Tracker,FALSE
,4,B0CY6NXX7Y,https://www.amazon.com/KEEPONFIT-Smartwatch-Waterproof-Pedometer-Fitness/dp/B0CY6NXX7Y/ref=zg_bs_g_5393958011_d_sccl_12/145-0980347-9463126?psc=1,"Smart Watch, 1.83"" Touch Screen Smartwatch with Alexa Built-in IP68 Waterproof, Pedometer,Fitness Tracker with 100 Sports Modes Heart Rate/SpO2/Stress/Sleep Monitor for Men and Women","Smart_Watch,_1.83""_Touch_",5/6/2024,,KEEPONFIT,KEEPONFIT,IDW26,,,,,$29.99,$32.99,,General,,Bluetooth,,GPS via Smartphone,,,,,,,,,Lithium Ion,Lithium Ion,1,,,,Casual,Rectangular,1.83,in,1.83,,,3.2,ozm,3.2,,4.7,"4.7
354 ratings
4.7 out of 5 stars",4.7,354 ratings,4.7 out of 5 stars,354,"#2,712 in Sports & Outdoors (See Top 100 in Sports & Outdoors)
#18 in Activity & Fitness Trackers",,"Activity Tracker, Alarm Clock, Daily Workout Memory, Phone Call, Notifications",FALSE
,5,B0CD7K9HRS,https://www.amazon.com/KEEPONFIT-Smartwatch-Waterproof-Fitness-Tracker/dp/B0CD7K9HRS/ref=zg_bs_g_5393958011_d_sccl_86/145-0980347-9463126?psc=1,"Smart Watch with Answer/Make Calls, Metal Frame 1.8"" Alexa Built-in Fitness Tracker with IP68 Waterproof/100+ Sports Modes/Heart Rate/SpO2/Stress/Sleep Monitor for Men/Women for iOS/Android",Smart_Watch_with_Answer/M,8/9/2023,,KEEPONFIT,KEEPONFIT,ID Sport01,ID Sport01,China,,,$39.99,$49.99,,,,Bluetooth,Bluetooth,,,,,,,,,,Lithium Ion,Lithium Ion,1,300 Milliamp Hours,,,Casual,Rectangular,1.8,in,1.8,,11.1 x 3.5 x 0.7 inches,0.1,kg,3.527,,4.3,"4.3
960 ratings
4.3 out of 5 stars",4.3,960 ratings,4.3 out of 5 stars,960,"#30,903 in Sports & Outdoors (See Top 100 in Sports & Outdoors)
#135 in Activity & Fitness Trackers",,"Activity Tracker, Alarm Clock, Daily Workout Memory, Phone Call, Notifications",FALSE
,45,,https://www.amazon.com/Fitbit-Inspire-Fitness-Tracker-Included/dp/B08DFGPTSK/ref=zg_bs_g_5393958011_d_sccl_22/145-0980347-9463126?psc=1,"Fitbit Inspire 2 Health & Fitness Tracker with a Free 1-Year Fitbit Premium Trial, 24/7 Heart Rate, Black/Black, One Size (S & L Bands Included)",Fitbit_Inspire_2_Health_&,,,Fitbit,,Inspire 2,,,,,$89.00,Check Page,,Android,,USB,Bluetooth,,,,,,6400,Mibyte,6.25,,Lithium Ion,,,,,,,Oval,0.72,in,0.72,,,,,,,4.4,,,,,#VALUE!,,,"Activity Tracker, Heart Rate Monitor, Calorie Tracker, Sleep Monitor, Water Resistant, Phone Call, Text Messaging, Calendaring, Notifications,",FALSE
,12,B0CC9DXVPF,https://www.amazon.com/Fitness-Activity-Pedometer-Calories-Waterproof/dp/B0CC9DXVPF/ref=zg_bs_g_5393958011_d_sccl_5/145-0980347-9463126?psc=1,"Fitness Tracker Watch with Heart Rate Monitor, Large Screen Activity Tracker with Pedometer, Sleep Monitor, Calories & Step Counter, 5ATM Waterproof Smart Watch for Women Men Fitness Watch for Sports",Fitness_Tracker_Watch_wit,7/19/2023,,LIVIKEY,LIVIKEY,,,China,,,$19.99,Check Page,,"Android, iOS, Bluetooth",,Bluetooth,Bluetooth,,,,,,,,,,Lithium Polymer,Lithium Ion,1,,,,Modern,Rectangular,1.3,in,1.3,Black,6.8 x 3.3 x 0.6 inches,0.08,kg,2.822,,4,"4.0
540 ratings
4.0 out of 5 stars",4,540 ratings,4.0 out of 5 stars,540,"#677 in Sports & Outdoors (See Top 100 in Sports & Outdoors)
#3 in Activity & Fitness Trackers",,"Activity Tracker, Sleep Monitor, Heart Rate Monitor, Pedometer, Calories Tracker, Time Display",FALSE
,24,B0CGX7VD4X,https://www.amazon.com/Xiaomi-Version-Fitness-Tracker-Monitoring/dp/B0CGX7VD4X/ref=zg_bs_g_5393958011_d_sccl_24/145-0980347-9463126?psc=1,"Xiaomi Mi Smart Band 8 (Global Version) Health & Fitness Tracker with 60Hz Refresh Rate 1.62"" AMOLED Display, 16-Day Battery Life, 150+ Sports Modes, Blood Oxygen, Heart Rate,Sleep & Stress Monitoring",Xiaomi_Mi_Smart_Band_8_(G,8/30/2023,,Xiaomi,,Xiaomi Smart Band 8,,,,,$41.50,$49.99,,,,Bluetooth,Bluetooth,,,,,,16,Gibyte,16,,Lithium Ion,,,,,,Modern,Rectangular,1.62,in,1.62,,,,,,,4.2,"4.2
420 ratings
4.2 out of 5 stars",4.2,420 ratings,4.2 out of 5 stars,420,"#57,625 in Sports & Outdoors (See Top 100 in Sports & Outdoors)
#204 in Activity & Fitness Trackers",,Adjustable,FALSE
,99,B0CGJ71V5F,https://www.amazon.com/Fitness-Tracker-Pressure-Activity-Waterproof/dp/B0CGJ71V5F/ref=zg_bs_g_5393958011_d_sccl_99/145-0980347-9463126?psc=1,"Fitness Tracker Answer/Make Calls, Smart Watch with Blood Pressure, Blood Oxygen, 24/7 Heart Rate Monitor, 120 Sport Mode Activity Tracker with Step Counter, Waterproof Sleep Tracker for Women Men",Fitness_Tracker_Answer/Ma,9/16/2023,,AviiHoug,,H23,,,,,$49.99,$79.99,,"Android, iOS",,Bluetooth,Bluetooth,,,,,,,,,,Lithium Ion,,,200 Milliamp Hours,,,,Rectangular,1.57,in,1.57,,,,,,,3.8,"3.8
923 ratings
3.8 out of 5 stars",3.8,923 ratings,3.8 out of 5 stars,923,"#64,062 in Sports & Outdoors (See Top 100 in Sports & Outdoors)
#220 in Activity & Fitness Trackers",,"Answer/make calls, 120+ Sport modes, BP, HR, SpO2 monitor",FALSE
,56,B0D7VYDNSS,https://www.amazon.com/Pressure-Pedometer-Waterproof-Activity-Compatible/dp/B0D7VYDNSS/ref=zg_bs_g_5393958011_d_sccl_38/145-0980347-9463126?psc=1,"Smart Watch, 1.47"" Health Fitness Tracker with 24/7 Heart Rate,Blood Pressure,Blood Oxygen Monitor,Sleep Tracker,Pedometer, IP68 Waterproof Activity Trackers Compatible with Android&iPhone Women Men","Smart_Watch,_1.47""_Health",7/15/2024,,FFFITNES,FFFITNES,,Band3,,,,$49.99,$79.99,,,,Wi-Fi,Bluetooth,GPS via Smartphone,,,,,64,Mibyte,0.0625,,Lithium Ion,Lithium Ion,1,200 Milliamp Hours,,,,Rectangular,1.47,in,1.47,,10.24 x 3.15 x 0.67 inches,90,g,3.175,,4.5,"4.5
196 ratings
4.5 out of 5 stars",4.5,196 ratings,4.5 out of 5 stars,196,"#1,077 in Electronics (See Top 100 in Electronics)
#9 in Activity & Fitness Trackers
#12 in Smartwatches",,"Blood Pressure Monitor, Calorie Consumption, Weather Forecast, Music/Camera Control, Activity Tracker, Calls and Messages Notification, step counter, Heart Rate Monitor, Sleep Tracker",FALSE
,69,B0CB1VJMZN,https://www.amazon.com/Fitness-Tracker-Pressure-Activity-Pedometer/dp/B0CB1VJMZN/ref=zg_bs_g_5393958011_d_sccl_5/145-0980347-9463126?psc=1,"Fitness Tracker with Heart Rate Monitor/Step Counter/Calories, Activity Tracker Smart Watch Sleep Monitor IP68 Health Tracker Pedometer for Man Women",Fitness_Tracker_with_Hear,7/3/2023,,BrilliantHouse,,,,,,,$19.99,$79.99,,"Android, iOS",,Bluetooth,Bluetooth,GPS via Smartphone,,,,,,,,,Lithium,,,105 Milliamp Hours,,,,Rectangular,0.96,in,0.96,,,,,,,3.4,"3.4
1,342 ratings
3.4 out of 5 stars",3.4,"1,342 ratings",3.4 out of 5 stars,1342,"#5,658 in Sports & Outdoors (See Top 100 in Sports & Outdoors)
#43 in Activity & Fitness Trackers",,"Blood Pressure Monitor/Heart Rate Monitor/Blood Oxygen Monitor, Fitness Tracker/Activity Tracker/Distance Tracker/Female Health Assistant",FALSE
,48,B09VY6SCTC,https://www.amazon.com/Garmin-v%C3%ADvosmart%C2%AE-Fitness-Tracker-Long-Lasting/dp/B09VY6SCTC/ref=zg_bs_g_5393958011_d_sccl_29/145-0980347-9463126?psc=1,"Garmin vívosmart® 5, Fitness Tracker, Long-Lasting Battery, Simple Design, Black Large","Garmin_vívosmart®_5,_Fitn",4/20/2022,,,Garmin,,010-02645-04,,,,$149.99,Check Page,,"Android, iOS",,Bluetooth,Bluetooth,Built-in GPS,,,,,28,Mibyte,0.0273,,Lithium Polymer,Lithium Ion,1,4 Milliamp Hours,,,,Rectangular,0.84,in,0.84,,0.8 x 10 x 0.4 inches,26.5,g,0.935,,4,"4.0
360 ratings
4.0 out of 5 stars",4,360 ratings,4.0 out of 5 stars,360,"#5,343 in Sports & Outdoors (See Top 100 in Sports & Outdoors)
#28 in Electronics & Gadgets
#42 in Activity & Fitness Trackers",,Bluetooth,FALSE
,19,B0D8FVYRLY,https://www.amazon.com/%F0%9D%9F%90%F0%9D%9F%8E%F0%9D%9F%90%F0%9D%9F%92-Upgraded-Pressure-Activity-Trackers/dp/B0D8FVYRLY/ref=zg_bs_g_5393958011_d_sccl_27/145-0980347-9463126?psc=1,"𝟐𝟎𝟐𝟒 Upgraded Fitness Tracker (Answer/Make Calls), 1.47"" Smart Watch with 24/7 Heart Rate/Blood Pressure/Sleep Monitor, 100+ Sports Modes Activity Trackers, for Android and iPhone Women Men",𝟐𝟎𝟐𝟒_Upgraded_Fitness,6/29/2024,,Mingdaln,,M4,,,,,$39.99,Check Page,,,,Bluetooth,Bluetooth,,,,,,64,Mibyte,0.0625,,Lithium Ion,,,,,,Modern,Rectangular,1.47,in,1.47,,,,,,,4.4,"4.4
63 ratings
4.4 out of 5 stars",4.4,63 ratings,4.4 out of 5 stars,63,"#4,722 in Sports & Outdoors (See Top 100 in Sports & Outdoors)
#37 in Activity & Fitness Trackers",,"Bluetooth Calling, Activity Tracker, Alarm Clock, Heart Rate Monitor,Multi-Sports Tracking",FALSE
,47,B09YQYRHPB,https://www.amazon.com/FITVII-Fitness-Pressure-Waterproof-Activity/dp/B09YQYRHPB/ref=zg_bs_g_5393958011_d_sccl_28/145-0980347-9463126?psc=1,"FITVII Fitness Tracker, Smart Watch with 24/7 Blood Pressure Heart Rate and Blood Oxygen Monitor, Sleep Tracker with Calorie Step Counter, IP68 Waterproof Activity Tracker for Women Men Android iOS","FITVII_Fitness_Tracker,_S",4/25/2022,,FITVII,FITVII,H56 Fitness,H56,China,,,$44.92,Check Page,,"Android, iOS",,Bluetooth,Bluetooth,FALSE,,,,,,,,,Lithium Ion,Lithium Ion,1,,,,,Rectangular,1.69,in,1.69,,,1.12,ozm,1.12,,3.9,"3.9
5,521 ratings
3.9 out of 5 stars",3.9,"5,521 ratings",3.9 out of 5 stars,5521,"#5,062 in Sports & Outdoors (See Top 100 in Sports & Outdoors)
#39 in Activity & Fitness Trackers",,"Distance Tracker, Calorie Tracker, Notifications",FALSE
,84,B0CZ3WH53C,https://www.amazon.com/Jawploy-Fitness-Calories-Activity-Pedometer/dp/B0CZ3WH53C/ref=zg_bs_g_5393958011_d_sccl_30/145-0980347-9463126?psc=1,"Fitness Tracker with Heart Rate Monitor/Step Counter/Calories, Activity Tracker Smart Watch Sleep Monitor, IP68, Health Tracker Pedometer for Man Women",Fitness_Tracker_with_Hear,3/26/2024,,Jawploy,Jawploy,,S5,USA,,,$18.99,$19.98,,Android Wear/Wear OS or Tizen,,Bluetooth,Bluetooth,GPS via Smartphone,,,,,,,,,Lithium Ion,Unknown,1,105 Amp Hours,,,,Rectangular,0.96,in,0.96,,,23.04,g,0.813,,3.6,"3.6
258 ratings
3.6 out of 5 stars",3.6,258 ratings,3.6 out of 5 stars,258,"#10,497 in Sports & Outdoors (See Top 100 in Sports & Outdoors)
#63 in Activity & Fitness Trackers",,"Fitness Tracker/Activity Tracker/Distance Tracker/Sleep Monitor/Female Health Assistant, Blood Pressure Monitor/Heart Rate Monitor/Other Health Data Monitor/Step counter",FALSE
,18,B0BX797HJ4,https://www.amazon.com/Fitbit-Charge-Advanced-Fitness-Tracker/dp/B0BX797HJ4/ref=zg_bs_g_5393958011_d_sccl_26/145-0980347-9463126?psc=1,"Fitbit Charge 5 Advanced Fitness Tracker with GPS, Heart Rate, Sleep & Health Tracker - Power Bundle with Adapter (Graphite Stainless Steel)",Fitbit_Charge_5_Advanced_,11/30/2022,,Fitbit,Fitbit,"charge 5,pace",,,,,$149.01,$79.99,,"Android, iOS",,GPS,,Built-in GPS,,,,,,,,,,,,,,,Modern,Heart,50,mm,1.969,Graphite Stainless Steel,1.44 x 0.89 x 0.44 inches,5.3,ozm,5.3,,3.8,"3.8
351 ratings
3.8 out of 5 stars",3.8,351 ratings,3.8 out of 5 stars,351,"#10,773 in Sports & Outdoors (See Top 100 in Sports & Outdoors)
#64 in Activity & Fitness Trackers",,GPS,FALSE
,79,B0CV5ZG5TC,https://www.amazon.com/OnePlus-100-Hour-Tracking-Sapphire-Dual-Engine/dp/B0CV5ZG5TC/ref=zg_bs_g_5393958011_d_sccl_23/145-0980347-9463126?psc=1,"ONEPLUS Watch 2, 32GB, 100-Hour Battery, Health & Fitness Tracking, Sapphire Crystal Design, Dual-Engine, Wear OS by Google","ONEPLUS_Watch_2,_32GB,_10",2/26/2024,,,,,,,,,$288.98,Check Page,,Android,,"Bluetooth, Wi-Fi",Bluetooth,Built-in GPS,,,,,32,Gibyte,32,,Lithium Ion,,,500 Milliamp Hours,,,,Round,1.43,in,1.43,,,,,,,4.6,"4.6
132 ratings
4.6 out of 5 stars",4.6,132 ratings,4.6 out of 5 stars,132,"#30,958 in Sports & Outdoors (See Top 100 in Sports & Outdoors)
#136 in Activity & Fitness Trackers
#183 in Electronics & Gadgets",,GPS,FALSE
,57,B09BXQ4HMB,https://www.amazon.com/Fitbit-Advanced-Management-Tracking-Graphite/dp/B09BXQ4HMB/ref=zg_bs_g_5393958011_d_sccl_39/145-0980347-9463126?psc=1,"Fitbit Charge 5 Advanced Health & Fitness Tracker with Built-in GPS, Stress Management Tools, Sleep Tracking, 24/7 Heart Rate and More, Black/Graphite, One Size (S &L Bands Included)",Fitbit_Charge_5_Advanced_,8/26/2021,,Fitbit,Fitbit Inc,,FB421BKBK,,No,,$149.99,$79.99,,"Android, iOS",,GPS,Bluetooth,Built-in GPS,,,,,6400,Mibyte,6.25,,Lithium Ion,Lithium Ion,1,,,,,Heart,1.04,in,1.04,,1.45 x 0.9 x 0.44 inches,29,g,1.023,,4,"4.0
31,464 ratings
4.0 out of 5 stars",4,"31,464 ratings",4.0 out of 5 stars,31464,"#7,450 in Sports & Outdoors (See Top 100 in Sports & Outdoors)
#50 in Activity & Fitness Trackers",,"GPS, Stress Tracking, Heart Rate Monitor, Sleep Monitor, ECG, Distance Tracker, Touchscreen, Calorie Tracker, Daily Workout Memory",FALSE
,64,B0CD2MP728,https://www.amazon.com/Xiaomi-Smart-Band-Global-Version/dp/B0CD2MP728/ref=zg_bs_g_5393958011_d_sccl_48/145-0980347-9463126?psc=1,Xiaomi Smart Band 8 (Global Version),Xiaomi_Smart_Band_8_(Glob,9/11/2023,,Xiaomi,Xiaomi,,BHR7165GL,,No,,$39.00,$49.99,,Wear OS or Tizen,,Bluetooth,Bluetooth,FALSE,,,,,16,Mibyte,0.0156,,Lithium Ion,Lithium Polymer,1,,,,,Rectangular,1.62,in,1.62,,1.89 x 0.89 x 0.43 inches,58,g,2.046,,4.3,"4.3
8,876 ratings
4.3 out of 5 stars",4.3,"8,876 ratings",4.3 out of 5 stars,8876,"#6,083 in Sports & Outdoors (See Top 100 in Sports & Outdoors)
#35 in Electronics & Gadgets
#46 in Activity & Fitness Trackers",,Heart Rate Monitor,FALSE
,30,,https://www.amazon.com/Fitbit-Activity-Tracker-Minions-Special/dp/B08Y94Z9RM/ref=zg_bs_g_5393958011_d_sccl_8/145-0980347-9463126?psc=1,"Fitbit Ace 3 Activity-Tracker for Kids 6+, Minions Special Edition, Yellow, One Size",Fitbit_Ace_3_Activity-Tra,,,Fitbit,,Ace 3 Activity Tracker for Kids 6+,,,,,$73.99,$79.00,,,,,Bluetooth,,,,,,6400,Mibyte,6.25,,Lithium Ion,,,,,,Youthful,Rectangular,0.96,in,0.96,Yellow,,,,,,4.1,,,,,#VALUE!,,,"kids smart watch, sleep tracker, kids watch, pedometer",FALSE
,36,B0CSW7S8VH,https://www.amazon.com/VPSTAY-Waterproof-Pedometer-Activity-SmartWatches/dp/B0CSW7S8VH/ref=zg_bs_g_5393958011_d_sccl_6/145-0980347-9463126?psc=1,"Fitness Tracker Watch with 24/7 Heart Rate Sleep Blood Oxygen Monitor, IP68 Waterproof Smart Watch, Step Calorie Counter Pedometer Health Activity Trackers and SmartWatches for Men Women",Fitness_Tracker_Watch_wit,1/20/2024,,VPSTAY,,,,,,,$45.98,$63.97,,anyloop APP,,Bluetooth,,GPS via Smartphone,,,,,64,Mibyte,0.0625,,Lithium Polymer,,,185 Milliamp Hours,,,,Rectangular,1.47,in,1.47,,,,,,,4.1,"4.1
1,030 ratings
4.1 out of 5 stars",4.1,"1,030 ratings",4.1 out of 5 stars,1030,"#5,221 in Sports & Outdoors (See Top 100 in Sports & Outdoors)
#41 in Activity & Fitness Trackers",,"Lightweight, Heart Rate Sleep Blood Oxygen Monitor, Activity Tracker, Alarm Clock, Notifications",FALSE
,40,B09P9LWSZY,https://www.amazon.com/FITVII-Pressure-Tracking-Waterproof-Pedometer/dp/B09P9LWSZY/ref=zg_bs_g_5393958011_d_sccl_13/145-0980347-9463126?psc=1,"FITVII Slim Fitness Tracker with Blood Oxygen, Blood Pressure, 24/7 Heart Rate and Sleep Tracking, IP68 Waterproof Activity Trackers and Smart Watches with Step Tracker, Pedometer for Women",FITVII_Slim_Fitness_Track,12/28/2021,,FITVII,,,,,,,$49.99,$59.99,,Android,,Bluetooth,Bluetooth,GPS via Smartphone,,,,,130,Mibyte,0.127,,Lithium Ion,,,,,,,Oval,1.47,in,1.47,,,,,,,3.9,"3.9
4,428 ratings
3.9 out of 5 stars",3.9,"4,428 ratings",3.9 out of 5 stars,4428,"#2,485 in Sports & Outdoors (See Top 100 in Sports & Outdoors)
#17 in Activity & Fitness Trackers",,"Multisport Tracker, Sedentary Reminder, Activity Tracker, Daily Workout Memory, Notifications",FALSE
,17,B09J8S3S5Q,https://www.amazon.com/GRV-Bluetooth-Required-Waterproof-Pedometer/dp/B09J8S3S5Q/ref=zg_bs_g_5393958011_d_sccl_24/145-0980347-9463126?psc=1,GRV Fitness Tracker Non Bluetooth Fitness Watch No App No Phone Required Waterproof Pedometer Watch with Steps Calories Counter Sleep Tracker for Men Women Parents,GRV_Fitness_Tracker_Non_B,10/12/2021,,GRV,,S1,,,,,$23.89,Check Page,,,,"Bluetooth, USB",,,,,,,32,Mibyte,0.0313,,Lithium Polymer,,,,,,Modern,Rectangular,0.96,in,0.96,Black,,,,,,3.6,"3.6
3,078 ratings
3.6 out of 5 stars",3.6,"3,078 ratings",3.6 out of 5 stars,3078,"#4,417 in Sports & Outdoors (See Top 100 in Sports & Outdoors)
#32 in Activity & Fitness Trackers",,Pedometer,FALSE
,72,B09QHRJH86,https://www.amazon.com/Fitness-Tracker-Waterproof-Monitor-Calorie/dp/B09QHRJH86/ref=zg_bs_g_5393958011_d_sccl_11/145-0980347-9463126?psc=1,"Kids Fitness Tracker Watch for Boys Girls Age 5-16, Waterproof Fitness Watch with Sleep Tracking, Calorie Counter, 11 Sport Modes Tracker and More - Kids Watch with Replaceable Band",Kids_Fitness_Tracker_Watc,1/15/2022,,DIGEEHOT,,,,,,,$29.99,Check Page,,,,Bluetooth,Bluetooth,FALSE,,,,,64,Mibyte,0.0625,,Lithium Polymer,,,105 Milliamp Hours,,,,Rectangular,0.96,in,0.96,,,,,,,3.8,"3.8
796 ratings
3.8 out of 5 stars",3.8,796 ratings,3.8 out of 5 stars,796,"#43,169 in Sports & Outdoors (See Top 100 in Sports & Outdoors)
#166 in Activity & Fitness Trackers",,Pedometer,FALSE
,38,,https://www.amazon.com/FITVII-Pressure-Tracking-Waterproof-Activity/dp/B0CWRJK78S/ref=zg_bs_g_5393958011_d_sccl_10/145-0980347-9463126?psc=1,"FITVII Health & Fitness Tracker 2024 (Answer/Make Calls), Smart Watch with 24/7 Heart Rate and Blood Pressure, Sleep Tracking, Blood Oxygen Monitor, 120+ Sport Mode Waterproof Activity Tracker",FITVII_Health_&_Fitness_T,,,FITVII,,HM57,,,,,$49.99,$79.99,,"Android, iOS",,Bluetooth,Bluetooth,GPS via Smartphone,,,,,,,,,Lithium Ion,,,,,,,Rectangular,1.85,in,1.85,,,,,,,4,,,,,#VALUE!,,,"Sedentary Reminder, Pedometer",FALSE
,25,B09WRPJTP5,https://www.amazon.com/Bluetooth-Required-Cloudpoem-Pedometer-Waterproof/dp/B09WRPJTP5/ref=zg_bs_g_5393958011_d_sccl_97/145-0980347-9463126?psc=1,"Fitness Tracker No Bluetooth No APP/Phone Required, Fitness Watch Pedometer Waterproof for Men Women Parents",Fitness_Tracker_No_Blueto,6/23/2022,,Cloudpoem,,S2,,,,,$33.99,Check Page,,,,Bluetooth,Bluetooth,FALSE,,,,,,,,,Lithium Ion,,,,,,Modern,Rectangular,1.47,in,1.47,,,,,,,3.7,"3.7
457 ratings
3.7 out of 5 stars",3.7,457 ratings,3.7 out of 5 stars,457,"#19,287 in Sports & Outdoors (See Top 100 in Sports & Outdoors)
#100 in Activity & Fitness Trackers",,Sleep Monitor,FALSE
,1,B0CMT889M8,https://www.amazon.com/Pro-Fit-VeryFitPro-Fitness-Waterproof-Activity/dp/B07HLJ3GJD/ref=zg_bs_g_5393958011_d_sccl_83/145-0980347-9463126?psc=1,OCTANDRA Active 2 VeryFit Fitness Tracker Heart Rate SpO2 Blood Oxygen Saturation Sleep Monitor Step Counter Pedometer IP68 Waterproof Activity Running Smart Watches for Men Women (ID155) (Pink),OCTANDRA_Active_2_VeryFit,11/7/2023,,OCTANDRA,OCTANDRA,OCTANDRA ACTIVE 2,ID155,China,,,$34.95,Check Page,,,,Bluetooth,,FALSE,,,,,,,,,Lithium Ion,Lithium Ion,1,1.1E+2 Milliamp Hours,,,ACTIVE 2,Rectangular,1.05,in,1.05,,6.77 x 3.46 x 0.75 inches,2.11,ozm,2.11,,4.2,"4.2
2,628 ratings
4.2 out of 5 stars",4.2,"2,628 ratings",4.2 out of 5 stars,2628,"#35,277 in Electronics (See Top 100 in Electronics)
#856 in Smartwatches",,"Sleep Monitor, Step Counter, Heart Rate Monitor, Spo2 Blood Oxygen Saturation Monitor, Stress Tracker, 1.05-Inch Full Touch Color Screen, Weather Forecast, Personalized Watch Faces",FALSE
,74,,https://www.amazon.com/Fitbit-Fitness-Smartwatch-Battery-Included/dp/B08DFPV5Y2/ref=zg_bs_g_5393958011_d_sccl_16/145-0980347-9463126?psc=1,"Fitbit Versa 3 Health & Fitness Smartwatch with GPS, 24/7 Heart Rate, Alexa Built-in, 6+ Days Battery, Black/Black, One Size (S & L Bands Included)",Fitbit_Versa_3_Health_&_F,,,Fitbit,,,,,,,$188.00,Check Page,,Android,,GPS,Bluetooth,Built-in GPS,,,,,4,Gibyte,4,,Lithium Ion,,,,,,,Square,1.58,in,1.58,,,,,,,4.2,,,,,#VALUE!,,,"Time Display, Alarm Clock, GPS, Notifications, Email, Heart Rate Monitor, Text Messaging, Music Player, Sleep Monitor",FALSE
,20,B0DB6W21RT,https://www.amazon.com/Fitness-Tracker-Activity-Tracking-Waterproof/dp/B0DB6W21RT/ref=zg_bs_g_5393958011_d_sccl_43/145-0980347-9463126?psc=1,"Fitness Tracker with Heart Rate, Step Counter, Sleep Monitor, Calorie Tracking, Activity Tracker with 1.1"" AMOLED Touch Color Screen, Waterproof Step Tracker for Android iPhones Women Men Kids",Fitness_Tracker_with_Hear,7/26/2024,,Moremore,,fitness tracker,,,,,$28.99,$49.99,,,,Bluetooth,Bluetooth,,,,,,,,,,Lithium Ion,,,,,,Modern,,1.1,in,1.1,Black,,,,,,4.5,"4.5
50 ratings
4.5 out of 5 stars",4.5,50 ratings,4.5 out of 5 stars,50,"#4,035 in Sports & Outdoors (See Top 100 in Sports & Outdoors)
#29 in Activity & Fitness Trackers",,"Time Display, Lightweight, Sedentary Reminder, Text Messaging, Alarm Clock",FALSE
,15,,https://www.amazon.com/Fitbit-Fitness-Activity-Tracking-Included/dp/B084CQ41M2/ref=zg_bs_g_5393958011_d_sccl_16/145-0980347-9463126?psc=1,"Fitbit Charge 4 Fitness and Activity Tracker with Built-in GPS, Heart Rate, Sleep & Swim Tracking, Black/Black, One Size (S &L Bands Included)",Fitbit_Charge_4_Fitness_a,,,Fitbit,,,,,,,$125.99,$149.95,,Android,,"Bluetooth, GPS",Bluetooth,Built-in GPS,,,,,,,,,Lithium Ion,,,,,,Modern,Rectangular,1.5,in,1.5,,,,,,,4.2,,,,,#VALUE!,,,"Time Display, Sleep Monitor, Activity Tracker, GPS, Heart Rate Monitor",FALSE
,42,B0D4L5LBWQ,https://www.amazon.com/FITVII-Fitness-Tracker-Pressure-Activity/dp/B0D4L5LBWQ/ref=zg_bs_g_5393958011_d_sccl_17/145-0980347-9463126?psc=1,"FITVII Nexa Fitness Tracker Answer/Make Calls, Smart Watch with Blood Pressure, Blood Oxygen, 24/7 Heart Rate Monitor, 120+ Sport Mode Activity Tracker with Step Counter, Sleep Tracker for Women Men",FITVII_Nexa_Fitness_Track,5/20/2024,,FITVII,,Nexa,,,,,$49.99,Check Page,,/,,Bluetooth,Bluetooth,GPS via Smartphone,,,,,,,,,Lithium Ion,,,,,,,Rectangular,1.57,in,1.57,,,,,,,4.1,"4.1
277 ratings
4.1 out of 5 stars",4.1,277 ratings,4.1 out of 5 stars,277,"#2,014 in Sports & Outdoors (See Top 100 in Sports & Outdoors)
#13 in Activity & Fitness Trackers
#13 in Electronics & Gadgets",,"Voice Call, Weather Forecast, Activity Tracker, Daily Workout Memory, Notifications",FALSE
,100,B0D16YBL7C,https://www.amazon.com/anyloop-Waterproof-Activity-Pedometer-Compatible/dp/B0D16YBL7C/ref=zg_bs_g_5393958011_d_sccl_100/145-0980347-9463126?psc=1,"Fitness Tracker Watch with Heart Rate Blood Oxygen Sleep Monitor, IP68 Waterproof Smart Watches, Step Calorie Counter Activity Trackers and Smartwatches for Women Men",Fitness_Tracker_Watch_wit,4/9/2024,,anyloop,anyloop,,,,,,$46.99,$79.99,,,,,,,,,,,,,,,,,,,,,,,1.44,in,1.44,Dark Black,,24.95,g,0.88,,4.4,"4.4
209 ratings
4.4 out of 5 stars",4.4,209 ratings,4.4 out of 5 stars,209,"#38,575 in Sports & Outdoors (See Top 100 in Sports & Outdoors)
#161 in Activity & Fitness Trackers",,,FALSE
,67,B0CHF5ZD2N,https://www.amazon.com/Ultrahuman-AIR-Smart-Health-Tracker-Fitness/dp/B0CHF5ZD2N/ref=zg_bs_g_5393958011_d_sccl_2/145-0980347-9463126?psc=1,"Ring AIR - Kein App-Abonnement - Smart Ring - Size First mit Größenkit - Verfolgen Sie Schlaf, Workouts, Herzfrequenz, HRV - Bis zu 6 Tage Akkulaufzeit",Ring_AIR_-_Kein_App-Abonn,9/25/2023,,ULTRAHUMAN,Ultrahuman Healthcare Pvt Ltd,,,,,,$349.00,Check Page,,,,,,,,,,,,,,,Lithium Ion,Lithium Ion,,,6 days,,,,,,,Space Silver,,2.86,g,0.101,,3,"3.0
16 ratings
3.0 out of 5 stars",3,16 ratings,3.0 out of 5 stars,16,"#145,525 in Sports & Outdoors (See Top 100 in Sports & Outdoors)
#396 in Activity & Fitness Trackers
#1,000 in Electronics & Gadgets",,,FALSE
,35,B0BWSF6H4Q,https://www.amazon.com/WHOOP-4-0-Month-Subscription-Optimization/dp/B0BWSF6H4Q/ref=zg_bs_g_5393958011_d_sccl_3/145-0980347-9463126?psc=1,"WHOOP 4.0 with 12 Month Subscription – Wearable Health, Fitness & Activity Tracker – Continuous Monitoring, Performance Optimization, Heart Rate Tracking – Improve Sleep, Strain, Recovery, Wellness",WHOOP_4.0_with_12_Month_S,3/14/2023,,WHOOP,WHOOP,,,,,,$239.00,Check Page,,,,,,,,,,,,,,,Lithium Ion,Lithium Ion,,,5 days,,,,4,in,4,Onyx,"1.1""L x 0.4""W x 7.1""H",,,,,4,"4.0
1,460 ratings
4.0 out of 5 stars",4,"1,460 ratings",4.0 out of 5 stars,1460,"#770 in Sports & Outdoors (See Top 100 in Sports & Outdoors)
#4 in Activity & Fitness Trackers",,,FALSE
,14,B0CY7F3HSN,https://www.amazon.com/KEEPONFIT-Fitness-Tracker-Resistance-Activity/dp/B0CY7F3HSN/ref=zg_bs_g_5393958011_d_sccl_14/145-0980347-9463126?psc=1,"Fitness Tracker, 1.57"" Touch Screen 3ATM Water Resistance, Activity Tracker with 100 Workout Modes Heart Rate/SpO2/Stress/Sleep Monitor for Men and Women","Fitness_Tracker,_1.57""_To",3/25/2024,,KEEPONFIT,,FUIDBO3,,,,,$25.49,$29.99,,,,Bluetooth,,,,,,,,,,,Lithium Ion,,,,,,Modern,,1.57,in,1.57,BLACK,,,,,,4.5,"4.5
637 ratings
4.5 out of 5 stars",4.5,637 ratings,4.5 out of 5 stars,637,"#4,648 in Sports & Outdoors (See Top 100 in Sports & Outdoors)
#36 in Activity & Fitness Trackers",,,FALSE
,52,,https://www.amazon.com/Fitbit-Wellness-Management-Tracking-Graphite/dp/B08ZF7QDXJ/ref=zg_bs_g_5393958011_d_sccl_34/145-0980347-9463126?psc=1,"Fitbit Luxe-Fitness and Wellness-Tracker with Stress Management, Sleep-Tracking and 24/7 Heart Rate, Black/Graphite, One Size (S & L Bands Included)",Fitbit_Luxe-Fitness_and_W,,,Fitbit,,Fitbit Luxe,,,,,$145.99,$79.99,,Android,,GPS,Bluetooth,Built-in GPS,,,,,6400,Mibyte,6.25,,Lithium Ion,,,,,,,Rectangular,0.96,in,0.96,,,,,,,4.3,,,,,#VALUE!,,,,FALSE
,54,B0D6DVY3L7,https://www.amazon.com/Calories-Stopwatch-Activity-1-10AMOLED-Pedometer/dp/B0D6DVY3L7/ref=zg_bs_g_5393958011_d_sccl_36/145-0980347-9463126?psc=1,"Fitness Tracker with Step Counter/Calories/Stopwatch, Activity Tracker, Health Tracker with Heart Rate Monitor, Sleep Tracker,1.10''AMOLED Touch Color Screen, Pedometer Watch for Women Men Kids, Pink",Fitness_Tracker_with_Step,6/7/2024,,,,,,,,,$28.99,$79.99,,,,,,,,,,,,,,,,,,,,,,,,,,,,,,,,3.3,"3.3
24 ratings
3.3 out of 5 stars",3.3,24 ratings,3.3 out of 5 stars,24,"#278,504 in Sports & Outdoors (See Top 100 in Sports & Outdoors)
#621 in Activity & Fitness Trackers",,,FALSE
,58,,https://www.amazon.com/Inspiratek-Kids-Fitness-Tracker-Girls/dp/B07YBMBXSK/ref=zg_bs_g_5393958011_d_sccl_40/145-0980347-9463126?psc=1,,,,,,,,,,,,,Check Page,,,,,,,,,,,,,,,,,,,,,,,,,,,,,,,,Unknown,,,,,#VALUE!,,,,FALSE
,63,B0DB5K3DK9,https://www.amazon.com/Zeacool-Pressure-Activity-Waterproof-Pedometer/dp/B0DB5K3DK9/ref=zg_bs_g_5393958011_d_sccl_47/145-0980347-9463126?psc=1,"Fitness Tracker with 24/7 Heart Rate, Blood Oxygen Blood Pressure Sleep Monitor, Activity Trackers 5 ATM Waterproof,Step Calorie Counter Pedometer Health Smart Watch for Women Men",Fitness_Tracker_with_24/7,7/26/2024,,,,,,,,,$28.99,$79.99,,,,,,,,,,,,,,,,,,,,,,,,,,,,,,,,4.5,"4.5
76 ratings
4.5 out of 5 stars",4.5,76 ratings,4.5 out of 5 stars,76,"#2,360 in Sports & Outdoors (See Top 100 in Sports & Outdoors)
#15 in Activity & Fitness Trackers
#15 in Electronics & Gadgets",,,FALSE
,70,,https://www.amazon.com/MgaoLo-Fitness-Waterproof-Activity-Pedometer/dp/B0D9Y3PMN8/ref=zg_bs_g_5393958011_d_sccl_7/145-0980347-9463126?psc=1,,,,,,,,,,,,,Check Page,,,,,,,,,,,,,,,,,,,,,,,,,,,,,,,,Unknown,,,,,#VALUE!,,,,FALSE
,76,B0C2717Y6G,https://www.amazon.com/Amazfit-Fitness-Monitoring-Tracking-Resistant/dp/B08PF6M6TB/ref=zg_bs_g_5393958011_d_sccl_18/145-0980347-9463126?psc=1,"Amazfit Certified Refurbished Band, Fitness & Health Tracker for Women Men, Long Battery Life, Alexa Built-in, AMOLED Display, Heart Rate & SPO₂ & Stress Monitoring, 5 ATM Water Resistant (Renewed)",Amazfit_Certified_Refurbi,4/11/2023,,,,,,,,,,$39.99,,,,,,,,,,,,,,,,,,,,,,,,,,,,,,,,3.9,"3.9
276 ratings
3.9 out of 5 stars",3.9,276 ratings,3.9 out of 5 stars,276,"#27,569 in Sports & Outdoors (See Top 100 in Sports & Outdoors)
#125 in Activity & Fitness Trackers",,,FALSE
,80,B0D6FXQ9WP,https://www.amazon.com/Fitness-Tracker-Activity-Trackers-Pedometer/dp/B0D6FXQ9WP/ref=zg_bs_g_5393958011_d_sccl_25/145-0980347-9463126?psc=1,"Fitness Tracker, Step Tracker with Heart Rate, Smart Watch Step Counter with Calorie, Sleep Tracker, 25 Sports, Activity Trackers Pedometer Watches for Women Men Android Phones iPhones","Fitness_Tracker,_Step_Tra",6/7/2024,,,,,,,,,$18.99,$79.99,,,,,,,,,,,,,,,,,,,,,,,,,,,,,,,,3.7,"3.7
31 ratings
3.7 out of 5 stars",3.7,31 ratings,3.7 out of 5 stars,31,"#196,560 in Sports & Outdoors (See Top 100 in Sports & Outdoors)
#481 in Activity & Fitness Trackers",,,FALSE
,83,B0D7ZTRL6X,https://www.amazon.com/Fitness-Pressure-Pedometer-Activity-Smartwatch/dp/B0D7ZTRL6X/ref=zg_bs_g_5393958011_d_sccl_29/145-0980347-9463126?psc=1,"Fitness Tracker, 1.10"" Step Tracker with 24/7 Heart Rate, Blood Pressure, Sleep Tracker, Step Counter Pedometer for Android iOS, Activity Tracker, Smartwatch, Pedometer Watch for Women Men Kids","Fitness_Tracker,_1.10""_St",6/26/2024,,,,,,,,,$16.99,Check Page,,,,,,,,,,,,,,,,,,,,,,,,,,,,,,,,3.8,"3.8
26 ratings
3.8 out of 5 stars",3.8,26 ratings,3.8 out of 5 stars,26,,,,FALSE
,85,B0CK4ZM6BH,https://www.amazon.com/WHOOP-Versatile-Comfortable-Adjustable-Compatible/dp/B0CK4ZM6BH/ref=zg_bs_g_5393958011_d_sccl_81/145-0980347-9463126?psc=1,"WHOOP Bicep Band, Versatile, Comfortable, and Adjustable, 4.0 Compatible, Wearable Health, Fitness & Activity Tracker","WHOOP_Bicep_Band,_Versati",10/2/2023,,,,,,,,,$54.00,$12.25,,,,,,,,,,,,,,,,,,,,,,,,,,,,,,,,4.3,"4.3
24 ratings
4.3 out of 5 stars",4.3,24 ratings,4.3 out of 5 stars,24,"#11,809 in Sports & Outdoors (See Top 100 in Sports & Outdoors)
#72 in Activity & Fitness Trackers",,,FALSE
,86,B0D6V51CKH,https://www.amazon.com/Bakoor-Pressure-Activity-Trackers-Pedometer/dp/B0D6V51CKH/ref=zg_bs_g_5393958011_d_sccl_82/145-0980347-9463126?psc=1,"Fitness Tracker, Step Tracker with Blood Oxygen, Blood Pressure, 24/7 Heart Rate, Steps Counter with Sleep Tracking, Activity Trackers Pedometer Watch for Android Phones iPhone Women Men","Fitness_Tracker,_Step_Tra",6/12/2024,,,,,,,,,$28.99,Check Page,,,,,,,,,,,,,,,,,,,,,,,,,,,,,,,,3.9,"3.9
27 ratings
3.9 out of 5 stars",3.9,27 ratings,3.9 out of 5 stars,27,,,,FALSE
,87,,https://www.amazon.com/Garmin-v%C3%ADvosmart-Activity-Fitness-Midnight/dp/B07GM59D12/ref=zg_bs_g_5393958011_d_sccl_84/145-0980347-9463126?psc=1,"Garmin vivosmart 4, Activity and Fitness Tracker w/ Pulse Ox and Heart Rate Monitor","Garmin_vivosmart_4,_Activ",,,,,,,,,,$64.99,Check Page,,,,,,,,,,,,,,,,,,,,,,,,,,,,,,,,4.2,,,,,#VALUE!,,,,FALSE
,88,B0D6HW2BSD,https://www.amazon.com/WHOOP-HydroKnit-Comfortable-Adjustable-Compatible/dp/B0D6HW2BSD/ref=zg_bs_g_5393958011_d_sccl_85/145-0980347-9463126?psc=1,"WHOOP HydroKnit Bicep Band, Versatile, Comfortable, and Adjustable, 4.0 Compatible, Wearable Health, Fitness & Activity Tracker",WHOOP_HydroKnit_Bicep_Ban,6/7/2024,,,,,,,,,$54.00,Check Page,,,,,,,,,,,,,,,,,,,,,,,,,,,,,,,,3.8,"3.8
10 ratings
3.8 out of 5 stars",3.8,10 ratings,3.8 out of 5 stars,10,"#20,588 in Sports & Outdoors (See Top 100 in Sports & Outdoors)
#105 in Activity & Fitness Trackers",,,FALSE
,,,,,,,,,,,,,,,,,,,,,,,,,,,,,,,,,,,,,,,,,,,,,,,,,,,,,,,,,FALSE